,97_10060,97_10170,97_10374,97_1050,97_10520,97_10537,97_1054,97_1071,97_10733,97_1075,97_10830,97_10839,97_1084,97_10925,97_11096,97_1137,97_11378,97_1147,97_1148,97_1175,97_1194,97_12020,97_12056,97_12122,97_1226,97_1228,97_1230,97_1232,97_12978,97_1300,97_1301,97_13015,97_13039,97_13041,97_1309,97_1313,97_1324,97_1325,97_13291,97_13292,97_1330,97_1333,97_13532,97_1361,97_1366,97_1370,97_1379,97_1382,97_13849,97_13850,97_1403,97_14136,97_14137,97_14423,97_1456,97_1465,97_14712,97_14748,97_14845,97_14988,97_15130,97_15193,97_1527,97_1537,97_1542,97_15421,97_15424,97_1547,97_1549,97_1553,97_1555,97_15657,97_1585,97_160,97_16044,97_1606,97_1613,97_16290,97_164,97_1641,97_16428,97_1659,97_1665,97_1666,97_16738,97_16936,97_1697,97_1707,97_1742,97_17470,97_1756,97_17737,97_17770,97_17976,97_1798,97_18025,97_1803,97_18157,97_1825,97_1830,97_1834,97_1841,97_1854,97_1856,97_18567,97_1860,97_18627,97_1877,97_1885,97_1889,97_18902,97_18927,97_1894,97_18950,97_19095,97_1935,97_1936,97_1950,97_1973,97_1991,97_2021,97_2039,97_20442,97_2048,97_2053,97_2057,97_20581,97_2063,97_2069,97_2071,97_2072,97_20788,97_20794,97_2082,97_2093,97_210,97_2106,97_2108,97_2110,97_2126,97_2138,97_2140,97_2154,97_216,97_2177,97_2192,97_2208,97_22145,97_2220,97_2236,97_22392,97_22412,97_2251,97_2258,97_2263,97_2264,97_227,97_2273,97_2275,97_228,97_2280,97_22831,97_2285,97_22871,97_22959,97_2298,97_2303,97_23057,97_2306,97_2309,97_2317,97_233,97_2346,97_2379,97_2381,97_2389,97_239,97_24041,97_2426,97_24738,97_2478,97_24849,97_2494,97_2496,97_25106,97_252,97_2523,97_2535,97_2547,97_2550,97_2569,97_2572,97_258,97_259,97_2593,97_2609,97_26184,97_26381,97_26612,97_2674,97_2687,97_27012,97_2726,97_2736,97_27384,97_2742,97_2745,97_2751,97_2755,97_27615,97_27681,97_2774,97_27767,97_2786,97_28060,97_28170,97_282,97_2822,97_28318,97_2832,97_2835,97_2837,97_28373,97_2844,97_28517,97_28781,97_2892,97_2895,97_2899,97_290,97_2906,97_29169,97_2917,97_2948,97_2949,97_2968,97_2973,97_2984,97_2998,97_3004,97_30167,97_3025,97_30251,97_3042,97_3043,97_3085,97_3095,97_3097,97_31030,97_3107,97_31085,97_31086,97_311,97_3113,97_3129,97_3146,97_316,97_31659,97_3188,97_32005,97_3212,97_3220,97_32224,97_3227,97_3231,97_3248,97_3270,97_3273,97_3281,97_3283,97_3287,97_329,97_3300,97_3322,97_3323,97_3337,97_33425,97_3344,97_33458,97_3363,97_33708,97_3375,97_3379,97_3382,97_33932,97_3415,97_3420,97_3430,97_3432,97_34349,97_3436,97_3437,97_3451,97_3464,97_34716,97_3482,97_3489,97_3494,97_3505,97_3506,97_3509,97_3514,97_3515,97_3528,97_3529,97_3535,97_3548,97_3549,97_3555,97_3569,97_3575,97_3581,97_3587,97_3594,97_3610,97_3620,97_3625,97_3639,97_3658,97_368,97_3692,97_3693,97_3703,97_373,97_37315,97_3732,97_3739,97_3754,97_37705,97_3774,97_37765,97_3795,97_3830,97_3833,97_38451,97_386,97_3868,97_38876,97_3945,97_39512,97_39692,97_3970,97_39893,97_3992,97_3994,97_4002,97_4005,97_4014,97_4017,97_4028,97_4029,97_40301,97_40706,97_4072,97_4075,97_4077,97_409,97_4107,97_4118,97_4127,97_41403,97_4148,97_4156,97_4158,97_4165,97_4177,97_4179,97_4182,97_41820,97_4189,97_422,97_4229,97_423,97_4266,97_428,97_4280,97_4287,97_4297,97_4302,97_433,97_4338,97_4341,97_4364,97_4374,97_4386,97_441,97_4417,97_44192,97_44193,97_44396,97_4440,97_44468,97_4456,97_4476,97_44778,97_4483,97_44993,97_45002,97_4508,97_4514,97_45250,97_4532,97_4536,97_454,97_4549,97_45501,97_4552,97_4553,97_4564,97_4575,97_4579,97_4580,97_4582,97_4590,97_4591,97_460,97_46047,97_46055,97_4606,97_4607,97_46073,97_46318,97_46403,97_46405,97_46517,97_46587,97_4665,97_4677,97_4678,97_4690,97_4693,97_4699,97_476,97_47710,97_48331,97_48618,97_48977,97_49336,97_49575,97_496,97_50077,97_505,97_51076,97_5115,97_51697,97_517,97_5199,97_52109,97_52419,97_53171,97_53225,97_54592,97_551,97_552,97_55322,97_5667,97_567,97_574,97_57693,97_5787,97_5797,97_582,97_58450,97_587,97_59,97_592,97_59658,97_59915,97_60610,97_61524,97_61543,97_6183,97_62713,97_628,97_62903,97_63040,97_6318,97_6337,97_6338,97_63420,97_649,97_65,97_65006,97_6501,97_65310,97_654,97_65734,97_6590,97_66035,97_66204,97_66628,97_673,97_681,97_6813,97_682,97_687,97_68771,97_700,97_7020,97_71,97_72122,97_7306,97_7389,97_739,97_7390,97_7397,97_74314,97_749,97_74947,97_75124,97_75567,97_757,97_76088,97_7644,97_767,97_7738,97_774,97_77458,97_78,97_78306,97_7840,97_797,97_79925,97_80961,97_816,97_82,97_824,97_825,97_826,97_82736,97_8302,97_83448,97_8386,97_83985,97_849,97_85414,97_86704,97_8697,97_8706,97_8707,97_872,97_87673,97_88,97_8827,97_8830,97_88433,97_88515,97_89418,97_89419,97_89421,97_89424,97_89426,97_89431,97_89436,97_89444,97_89445,97_89451,97_89453,97_89476,97_89477,97_89492,97_89495,97_89500,97_89540,97_89551,97_89581,97_89584,97_89592,97_89593,97_89595,97_89598,97_8986,97_89866,97_899,97_906,97_90997,97_911,97_91890,97_920,97_92459,97_93263,97_936,97_9366,97_940,97_947,97_954,97_9720,97_974,97_975,97_980,97_983,97_99
agricultural,9.0,5.0,177.0,16.0,0.0,62.0,71.0,45.0,174.0,37.0,0.0,101.0,1477.0,16.0,28.0,0.0,755.0,7.0,10.0,292.0,135.0,228.0,29.0,677.0,142.0,23.0,146.0,13.0,3.0,98.0,21.0,11.0,38.0,131.0,102.0,514.0,18.0,25.0,15.0,635.0,62.0,39.0,1.0,22.0,250.0,14.0,297.0,7.0,1.0,0.0,26.0,10.0,8.0,23.0,9.0,45.0,10.0,35.0,3.0,20.0,3.0,26.0,6.0,51.0,48.0,73.0,5.0,31.0,1.0,108.0,1492.0,2.0,276.0,2012.0,31.0,59.0,13.0,50.0,562.0,200.0,34.0,407.0,1777.0,52.0,7.0,607.0,32.0,0.0,2261.0,94.0,2.0,16.0,6.0,1.0,2.0,40.0,2474.0,15.0,176.0,454.0,30.0,28.0,3.0,3.0,10.0,762.0,93.0,3.0,2.0,391.0,1.0,399.0,49.0,0.0,186.0,3.0,32.0,1.0,77.0,7.0,29.0,181.0,0.0,0.0,2.0,835.0,4.0,4.0,59.0,1318.0,2.0,8.0,2.0,37.0,56.0,1.0,902.0,16.0,75.0,8.0,4.0,153.0,9.0,177.0,77.0,0.0,3.0,4.0,28.0,324.0,5.0,0.0,3.0,2371.0,94.0,217.0,2314.0,199.0,4.0,21.0,0.0,1404.0,429.0,13.0,95.0,1.0,3.0,19.0,7.0,3.0,995.0,16.0,3.0,1.0,0.0,0.0,5710.0,606.0,1.0,1070.0,17.0,118.0,0.0,226.0,48.0,39.0,32.0,15.0,920.0,24.0,32.0,577.0,1172.0,211.0,2.0,47.0,67.0,1.0,19.0,44.0,2.0,19.0,13.0,0.0,645.0,111.0,0.0,0.0,31.0,0.0,3.0,0.0,30.0,4.0,1.0,4.0,2162.0,895.0,2.0,8.0,0.0,69.0,2.0,154.0,6.0,5.0,1.0,8.0,52.0,5.0,6.0,1.0,0.0,277.0,31.0,317.0,78.0,3.0,2056.0,4.0,1.0,370.0,74.0,263.0,524.0,37.0,39.0,18.0,154.0,12.0,112.0,31.0,204.0,3.0,0.0,0.0,1481.0,25.0,17.0,0.0,42.0,1.0,7.0,0.0,4.0,3.0,2.0,0.0,7.0,54.0,17.0,4229.0,42.0,106.0,41.0,3.0,20.0,2.0,4.0,142.0,1.0,0.0,32.0,56.0,99.0,5.0,71.0,40.0,116.0,0.0,5.0,60.0,18.0,2.0,31.0,2461.0,130.0,0.0,18.0,81.0,5.0,176.0,9.0,36.0,34.0,437.0,117.0,61.0,215.0,18.0,386.0,3.0,29.0,3.0,3.0,33.0,39.0,17.0,71.0,10.0,1.0,42.0,2.0,1020.0,82.0,10.0,578.0,125.0,9.0,19.0,2.0,5.0,21.0,140.0,64.0,61.0,12.0,0.0,3.0,81.0,0.0,17.0,8.0,0.0,158.0,50.0,343.0,263.0,0.0,1.0,21.0,0.0,214.0,1.0,759.0,400.0,10.0,15.0,14.0,4.0,1.0,26.0,1.0,109.0,4.0,80.0,8.0,0.0,24.0,118.0,6.0,0.0,7.0,9.0,5.0,1.0,279.0,34.0,56.0,155.0,1.0,15.0,48.0,0.0,12.0,2662.0,11.0,2.0,1.0,5.0,118.0,0.0,66.0,190.0,6.0,87.0,2.0,0.0,7.0,14.0,1.0,1.0,49.0,177.0,178.0,2.0,2.0,2.0,54.0,110.0,7.0,25.0,25.0,52.0,22.0,4.0,4.0,0.0,3.0,41.0,18.0,0.0,0.0,0.0,2.0,1343.0,77.0,296.0,0.0,13.0,17.0,37.0,22.0,5.0,83.0,1.0,0.0,1.0,0.0,2716.0,23.0,0.0,0.0,0.0,47.0,120.0,5.0,28.0,0.0,6.0,0.0,0.0,8.0,1.0,1.0,487.0,718.0,432.0,5.0,415.0,68.0,4213.0,67.0,0.0,1807.0,544.0,1.0,3.0,0.0,5.0,4.0,197.0,5.0,59.0,0.0,0.0,15.0,8.0,17.0,0.0,5.0,2538.0,0.0,13.0,0.0,2.0,15.0,100.0,0.0,3.0,1.0,88.0,86.0,131.0,36.0,1.0,0.0,343.0,36.0,547.0,30.0,2767.0,0.0,4.0,131.0,1.0,0.0,925.0,5.0,0.0,1.0,59.0,4.0,0.0,84.0,4.0,88.0,3.0,21.0,0.0,8.0,2.0,3.0,0.0,1000.0,1.0,23.0,25.0,393.0,5.0,210.0,9.0,32.0,2.0,129.0,52.0,3.0,6302.0,45.0,1028.0,211.0,60.0,3397.0,22.0,130.0,32.0,4.0,450.0,0.0,1.0,0.0,0.0,53.0,1.0,2.0,10.0,1.0,1.0,0.0,20.0,0.0,0.0,0.0,0.0,1.0,0.0,23.0,2.0,2.0,0.0,0.0,2.0,1.0,661.0,33.0,4.0,171.0,1.0,29.0,0.0,0.0,317.0,600.0,2.0,0.0,68.0,5.0,400.0,351.0,99.0,96.0,1169.0
desert,1.0,14.0,5.0,17.0,2.0,17.0,7.0,27.0,10.0,17.0,0.0,14.0,159.0,0.0,4.0,0.0,24.0,2.0,13.0,42.0,27.0,42.0,2.0,30.0,5.0,5.0,13.0,6.0,1.0,25.0,0.0,2.0,50.0,34.0,69.0,20.0,2.0,6.0,6.0,29.0,58.0,30.0,2.0,29.0,12.0,16.0,11.0,8.0,1.0,0.0,1.0,11.0,14.0,5.0,5.0,26.0,2.0,41.0,1.0,5.0,0.0,6.0,15.0,31.0,2.0,31.0,1.0,0.0,0.0,61.0,398.0,10.0,88.0,110.0,7.0,9.0,14.0,4.0,24.0,43.0,5.0,53.0,288.0,9.0,0.0,92.0,9.0,0.0,70.0,10.0,2.0,6.0,5.0,2.0,0.0,25.0,80.0,3.0,21.0,34.0,13.0,19.0,15.0,1.0,0.0,3.0,3.0,0.0,4.0,31.0,0.0,7.0,8.0,0.0,46.0,43.0,4.0,0.0,3.0,5.0,5.0,3.0,0.0,8.0,2.0,102.0,2.0,36.0,21.0,38.0,8.0,4.0,0.0,5.0,9.0,18.0,40.0,3.0,7.0,9.0,0.0,15.0,11.0,18.0,18.0,4.0,1.0,2.0,0.0,2.0,1.0,1.0,5.0,111.0,8.0,45.0,298.0,33.0,3.0,6.0,1.0,341.0,159.0,1.0,6.0,1.0,0.0,0.0,4.0,1.0,17.0,4.0,1.0,2.0,0.0,0.0,840.0,25.0,1.0,25.0,8.0,12.0,2.0,24.0,10.0,0.0,4.0,9.0,109.0,19.0,28.0,79.0,212.0,79.0,0.0,1.0,0.0,0.0,7.0,20.0,4.0,4.0,0.0,0.0,64.0,23.0,0.0,0.0,22.0,0.0,2.0,1.0,12.0,0.0,1.0,4.0,137.0,32.0,0.0,2.0,0.0,13.0,1.0,28.0,18.0,14.0,4.0,33.0,15.0,2.0,7.0,15.0,0.0,48.0,10.0,61.0,6.0,2.0,382.0,0.0,4.0,74.0,2.0,114.0,71.0,18.0,6.0,3.0,28.0,1.0,30.0,0.0,14.0,2.0,2.0,0.0,67.0,6.0,2.0,0.0,8.0,0.0,0.0,0.0,0.0,0.0,4.0,2.0,2.0,4.0,60.0,428.0,1.0,66.0,210.0,16.0,5.0,0.0,8.0,55.0,0.0,0.0,14.0,16.0,7.0,5.0,11.0,55.0,25.0,2.0,3.0,14.0,8.0,0.0,21.0,82.0,12.0,2.0,5.0,4.0,8.0,86.0,26.0,8.0,17.0,8.0,16.0,10.0,11.0,12.0,19.0,2.0,1.0,1.0,2.0,4.0,6.0,0.0,19.0,2.0,1.0,11.0,1.0,40.0,8.0,2.0,192.0,72.0,5.0,9.0,0.0,10.0,28.0,18.0,4.0,13.0,2.0,0.0,1.0,20.0,0.0,1.0,0.0,0.0,19.0,15.0,31.0,69.0,0.0,0.0,4.0,0.0,13.0,8.0,68.0,16.0,25.0,12.0,13.0,9.0,0.0,3.0,0.0,39.0,2.0,38.0,5.0,0.0,6.0,12.0,1.0,0.0,13.0,12.0,1.0,0.0,49.0,13.0,11.0,23.0,0.0,8.0,15.0,0.0,9.0,182.0,0.0,5.0,0.0,1.0,17.0,0.0,17.0,38.0,0.0,13.0,0.0,0.0,0.0,6.0,0.0,0.0,1.0,9.0,17.0,0.0,7.0,8.0,7.0,43.0,0.0,6.0,3.0,1.0,1.0,2.0,3.0,0.0,0.0,6.0,2.0,2.0,0.0,0.0,2.0,302.0,7.0,13.0,0.0,2.0,6.0,3.0,9.0,16.0,2.0,0.0,6.0,1.0,0.0,70.0,3.0,1.0,0.0,3.0,4.0,3.0,3.0,10.0,0.0,3.0,0.0,0.0,12.0,1.0,0.0,81.0,5.0,12.0,1.0,37.0,17.0,380.0,3.0,0.0,358.0,12.0,0.0,8.0,0.0,7.0,1.0,27.0,6.0,16.0,0.0,0.0,7.0,1.0,20.0,2.0,0.0,84.0,1.0,2.0,0.0,2.0,0.0,10.0,0.0,5.0,0.0,44.0,39.0,13.0,7.0,0.0,1.0,14.0,7.0,11.0,7.0,349.0,0.0,0.0,20.0,1.0,0.0,16.0,1.0,0.0,1.0,19.0,2.0,0.0,32.0,0.0,12.0,1.0,10.0,1.0,3.0,0.0,0.0,3.0,32.0,4.0,17.0,28.0,29.0,0.0,49.0,2.0,7.0,0.0,7.0,5.0,0.0,1454.0,4.0,34.0,8.0,2.0,351.0,3.0,26.0,0.0,1.0,56.0,3.0,4.0,0.0,0.0,5.0,1.0,5.0,1.0,1.0,4.0,0.0,16.0,0.0,0.0,0.0,0.0,1.0,0.0,5.0,0.0,0.0,4.0,0.0,0.0,1.0,156.0,48.0,0.0,27.0,0.0,23.0,0.0,0.0,11.0,35.0,0.0,3.0,17.0,0.0,91.0,85.0,26.0,5.0,281.0
estuary,0.0,0.0,0.0,0.0,5.0,2.0,1.0,1.0,0.0,35.0,3.0,1.0,5.0,0.0,29.0,0.0,21.0,0.0,0.0,6.0,37.0,1.0,8.0,1.0,0.0,0.0,12.0,2.0,38.0,9.0,0.0,0.0,111.0,37.0,41.0,3.0,0.0,2.0,1.0,32.0,21.0,2.0,0.0,6.0,0.0,7.0,1.0,4.0,6.0,20.0,0.0,0.0,0.0,16.0,29.0,2.0,1.0,5.0,20.0,20.0,49.0,5.0,26.0,5.0,0.0,9.0,1.0,0.0,3.0,29.0,15.0,3.0,23.0,65.0,3.0,0.0,0.0,13.0,4.0,97.0,0.0,34.0,26.0,0.0,0.0,2.0,0.0,0.0,43.0,6.0,0.0,0.0,21.0,0.0,0.0,2.0,26.0,3.0,6.0,2.0,0.0,2.0,6.0,14.0,8.0,0.0,0.0,0.0,23.0,7.0,0.0,0.0,1.0,1.0,1.0,4.0,2.0,0.0,1.0,1.0,2.0,5.0,14.0,0.0,3.0,14.0,51.0,0.0,26.0,22.0,0.0,0.0,0.0,3.0,0.0,0.0,21.0,1.0,0.0,3.0,0.0,0.0,1.0,5.0,21.0,13.0,0.0,43.0,0.0,0.0,0.0,0.0,1.0,43.0,0.0,0.0,162.0,1.0,0.0,3.0,1.0,25.0,6.0,0.0,1.0,0.0,18.0,0.0,0.0,0.0,66.0,10.0,1.0,38.0,0.0,0.0,46.0,5.0,0.0,27.0,5.0,8.0,2.0,11.0,9.0,0.0,0.0,5.0,10.0,46.0,0.0,60.0,4.0,12.0,0.0,5.0,0.0,0.0,2.0,13.0,0.0,1.0,3.0,1.0,38.0,9.0,0.0,0.0,13.0,0.0,2.0,12.0,15.0,3.0,0.0,0.0,5.0,7.0,0.0,0.0,0.0,0.0,3.0,3.0,19.0,0.0,0.0,11.0,0.0,0.0,0.0,7.0,2.0,32.0,99.0,11.0,1.0,18.0,45.0,13.0,43.0,6.0,1.0,0.0,3.0,28.0,3.0,8.0,0.0,2.0,13.0,6.0,1.0,0.0,1.0,0.0,14.0,3.0,0.0,0.0,4.0,0.0,0.0,1.0,7.0,9.0,0.0,0.0,3.0,1.0,25.0,86.0,0.0,2.0,0.0,0.0,3.0,0.0,0.0,37.0,14.0,0.0,1.0,9.0,8.0,9.0,11.0,0.0,73.0,5.0,1.0,0.0,1.0,0.0,0.0,19.0,8.0,0.0,0.0,2.0,4.0,7.0,0.0,1.0,22.0,1.0,0.0,169.0,5.0,2.0,0.0,0.0,51.0,28.0,0.0,12.0,3.0,1.0,11.0,4.0,6.0,0.0,1.0,4.0,6.0,21.0,3.0,0.0,6.0,1.0,0.0,0.0,1.0,5.0,0.0,3.0,0.0,8.0,2.0,5.0,16.0,4.0,0.0,0.0,4.0,18.0,51.0,1.0,0.0,0.0,1.0,0.0,1.0,0.0,14.0,7.0,0.0,128.0,4.0,1.0,0.0,0.0,1.0,20.0,2.0,15.0,7.0,0.0,5.0,14.0,1.0,0.0,1.0,0.0,1.0,2.0,4.0,2.0,21.0,9.0,4.0,14.0,9.0,0.0,7.0,13.0,0.0,0.0,0.0,0.0,25.0,1.0,3.0,30.0,8.0,0.0,0.0,6.0,0.0,0.0,2.0,0.0,1.0,2.0,22.0,0.0,5.0,0.0,14.0,0.0,0.0,8.0,5.0,3.0,3.0,0.0,0.0,0.0,1.0,9.0,35.0,33.0,0.0,0.0,57.0,3.0,3.0,3.0,1.0,4.0,2.0,3.0,0.0,6.0,1.0,0.0,5.0,1.0,0.0,25.0,1.0,2.0,0.0,0.0,1.0,0.0,2.0,5.0,2.0,56.0,0.0,7.0,82.0,7.0,1.0,3.0,2.0,4.0,1.0,1.0,36.0,44.0,1.0,0.0,85.0,8.0,2.0,3.0,0.0,0.0,62.0,3.0,0.0,13.0,1.0,11.0,8.0,1.0,6.0,0.0,1.0,8.0,0.0,88.0,1.0,1.0,1.0,6.0,0.0,1.0,0.0,4.0,1.0,2.0,0.0,0.0,2.0,5.0,0.0,12.0,0.0,112.0,0.0,2.0,1.0,12.0,2.0,5.0,70.0,3.0,0.0,9.0,4.0,0.0,42.0,2.0,41.0,11.0,0.0,0.0,65.0,0.0,0.0,13.0,6.0,1.0,6.0,0.0,2.0,0.0,51.0,10.0,4.0,0.0,5.0,0.0,0.0,63.0,6.0,10.0,6.0,3.0,15.0,13.0,0.0,0.0,0.0,34.0,0.0,0.0,0.0,0.0,3.0,8.0,0.0,12.0,0.0,0.0,0.0,5.0,0.0,0.0,0.0,0.0,4.0,1.0,0.0,0.0,0.0,0.0,0.0,0.0,18.0,45.0,1.0,14.0,14.0,0.0,0.0,0.0,1.0,0.0,5.0,1.0,0.0,62.0,1.0,0.0,0.0,0.0,0.0,11.0
farm,30.0,3.0,56.0,5.0,7.0,38.0,338.0,56.0,49.0,75.0,12.0,34.0,485.0,21.0,115.0,0.0,272.0,8.0,68.0,698.0,269.0,96.0,12.0,114.0,83.0,116.0,247.0,18.0,26.0,175.0,11.0,8.0,66.0,72.0,212.0,195.0,79.0,90.0,14.0,1038.0,232.0,70.0,4.0,12.0,91.0,525.0,82.0,2.0,6.0,6.0,22.0,3.0,9.0,0.0,55.0,10.0,8.0,76.0,13.0,22.0,8.0,529.0,13.0,56.0,8.0,13.0,2.0,64.0,9.0,842.0,366.0,10.0,109.0,1642.0,32.0,83.0,2.0,29.0,331.0,388.0,29.0,146.0,495.0,62.0,1.0,318.0,41.0,0.0,1467.0,448.0,1.0,1.0,20.0,23.0,3.0,575.0,1457.0,107.0,753.0,207.0,14.0,481.0,49.0,19.0,46.0,631.0,10.0,9.0,6.0,263.0,3.0,181.0,139.0,0.0,95.0,4.0,21.0,16.0,32.0,12.0,10.0,102.0,2.0,13.0,15.0,379.0,11.0,1.0,15.0,635.0,8.0,6.0,3.0,25.0,223.0,1.0,396.0,9.0,42.0,38.0,8.0,188.0,9.0,593.0,457.0,26.0,4.0,3.0,20.0,112.0,34.0,3.0,24.0,953.0,20.0,43.0,1751.0,610.0,7.0,36.0,6.0,442.0,1158.0,10.0,94.0,4.0,28.0,2.0,86.0,7.0,667.0,15.0,15.0,23.0,5.0,0.0,1929.0,181.0,0.0,239.0,83.0,893.0,2.0,238.0,765.0,61.0,103.0,11.0,418.0,22.0,3.0,435.0,229.0,126.0,3.0,26.0,14.0,1.0,15.0,170.0,30.0,15.0,7.0,0.0,645.0,339.0,10.0,3.0,31.0,0.0,6.0,27.0,101.0,30.0,1.0,9.0,813.0,827.0,3.0,34.0,3.0,47.0,9.0,262.0,16.0,7.0,6.0,17.0,25.0,21.0,5.0,4.0,1.0,969.0,88.0,1076.0,196.0,5.0,575.0,4.0,14.0,91.0,56.0,84.0,285.0,36.0,37.0,137.0,32.0,4.0,628.0,557.0,369.0,1.0,0.0,0.0,1240.0,33.0,31.0,0.0,13.0,1.0,12.0,0.0,50.0,251.0,10.0,3.0,85.0,16.0,43.0,2187.0,11.0,128.0,93.0,31.0,10.0,3.0,5.0,648.0,32.0,0.0,106.0,708.0,67.0,2.0,890.0,23.0,199.0,6.0,9.0,12.0,20.0,3.0,60.0,905.0,421.0,4.0,37.0,12.0,47.0,115.0,6.0,25.0,414.0,145.0,229.0,85.0,130.0,12.0,162.0,12.0,48.0,18.0,91.0,42.0,5.0,7.0,462.0,18.0,5.0,68.0,0.0,367.0,325.0,24.0,227.0,134.0,10.0,20.0,1.0,25.0,12.0,124.0,18.0,272.0,13.0,14.0,23.0,118.0,3.0,26.0,7.0,0.0,47.0,38.0,130.0,158.0,13.0,0.0,49.0,0.0,154.0,1.0,1015.0,189.0,6.0,39.0,14.0,3.0,10.0,72.0,2.0,23.0,10.0,450.0,306.0,0.0,10.0,91.0,8.0,7.0,6.0,2.0,24.0,0.0,315.0,21.0,12.0,337.0,18.0,95.0,140.0,1.0,608.0,1290.0,10.0,0.0,2.0,61.0,203.0,1.0,31.0,540.0,4.0,36.0,0.0,1.0,6.0,39.0,3.0,0.0,11.0,167.0,85.0,4.0,3.0,1.0,33.0,64.0,45.0,10.0,30.0,67.0,15.0,1.0,5.0,1.0,4.0,315.0,27.0,2.0,1.0,5.0,49.0,635.0,465.0,71.0,1.0,4.0,24.0,149.0,21.0,1.0,25.0,1.0,0.0,1.0,3.0,818.0,57.0,14.0,0.0,12.0,13.0,270.0,226.0,159.0,2.0,4.0,0.0,5.0,52.0,36.0,0.0,670.0,126.0,95.0,14.0,96.0,60.0,1446.0,8.0,0.0,1236.0,906.0,2.0,6.0,2.0,3.0,9.0,636.0,12.0,58.0,0.0,0.0,51.0,11.0,1.0,9.0,3.0,1299.0,1.0,86.0,1.0,20.0,1.0,27.0,11.0,1.0,0.0,98.0,49.0,38.0,18.0,0.0,13.0,259.0,33.0,831.0,8.0,988.0,0.0,8.0,403.0,32.0,0.0,311.0,23.0,7.0,10.0,59.0,1.0,4.0,59.0,2.0,376.0,7.0,16.0,56.0,51.0,1.0,0.0,5.0,393.0,11.0,251.0,30.0,57.0,0.0,85.0,3.0,9.0,2.0,70.0,19.0,25.0,1825.0,66.0,1068.0,306.0,22.0,1698.0,20.0,66.0,5.0,4.0,158.0,10.0,4.0,9.0,2.0,34.0,5.0,3.0,8.0,7.0,1.0,0.0,50.0,0.0,5.0,0.0,0.0,0.0,0.0,10.0,5.0,24.0,4.0,0.0,12.0,4.0,1044.0,125.0,0.0,607.0,0.0,27.0,1.0,0.0,100.0,674.0,1.0,25.0,51.0,8.0,153.0,92.0,135.0,21.0,1161.0
grassland,10.0,3.0,22.0,3.0,,18.0,82.0,22.0,86.0,33.0,,66.0,856.0,46.0,11.0,,778.0,3.0,9.0,103.0,103.0,80.0,4.0,48.0,16.0,1.0,44.0,11.0,,166.0,6.0,21.0,20.0,17.0,176.0,36.0,9.0,9.0,3.0,177.0,92.0,30.0,1.0,9.0,67.0,46.0,142.0,81.0,,,5.0,4.0,2.0,,4.0,33.0,2.0,74.0,,3.0,,62.0,4.0,25.0,8.0,47.0,,5.0,1.0,75.0,1219.0,19.0,198.0,636.0,4.0,32.0,2.0,20.0,313.0,290.0,7.0,74.0,1306.0,26.0,31.0,265.0,13.0,,853.0,31.0,,32.0,1.0,3.0,,12.0,1135.0,5.0,171.0,63.0,52.0,7.0,14.0,3.0,,40.0,6.0,2.0,1.0,123.0,,42.0,8.0,1.0,43.0,8.0,6.0,4.0,27.0,9.0,3.0,56.0,,1.0,,321.0,,,4.0,150.0,18.0,14.0,3.0,8.0,2.0,,318.0,7.0,32.0,,1.0,38.0,7.0,43.0,59.0,,1.0,1.0,14.0,28.0,1.0,1.0,2.0,1551.0,18.0,90.0,1197.0,39.0,4.0,56.0,,1126.0,240.0,,39.0,2.0,,,,3.0,205.0,4.0,1.0,,,,3484.0,395.0,,300.0,115.0,50.0,,121.0,84.0,25.0,59.0,91.0,377.0,3.0,13.0,399.0,750.0,86.0,2.0,8.0,24.0,4.0,10.0,19.0,2.0,2.0,13.0,1.0,409.0,17.0,,,5.0,,,,51.0,,2.0,2.0,923.0,124.0,,10.0,,26.0,,88.0,4.0,4.0,,51.0,116.0,3.0,8.0,1.0,1.0,252.0,24.0,120.0,14.0,,703.0,1.0,,219.0,10.0,124.0,126.0,22.0,7.0,40.0,44.0,3.0,176.0,10.0,81.0,1.0,,1.0,318.0,2.0,4.0,,95.0,14.0,,,1.0,2.0,21.0,5.0,2.0,32.0,38.0,1940.0,80.0,37.0,224.0,4.0,7.0,15.0,1.0,245.0,,,25.0,21.0,23.0,1.0,158.0,55.0,255.0,1.0,13.0,60.0,9.0,1.0,6.0,777.0,134.0,1.0,35.0,29.0,,274.0,5.0,7.0,70.0,49.0,15.0,9.0,50.0,22.0,23.0,2.0,18.0,1.0,7.0,17.0,72.0,9.0,75.0,1.0,1.0,49.0,3.0,302.0,33.0,,76.0,69.0,5.0,11.0,,11.0,2.0,13.0,3.0,14.0,3.0,,7.0,74.0,,,7.0,,45.0,11.0,50.0,267.0,,,8.0,3.0,231.0,1.0,177.0,54.0,29.0,7.0,5.0,3.0,,23.0,1.0,142.0,,151.0,19.0,,19.0,32.0,32.0,,7.0,22.0,2.0,1.0,262.0,8.0,22.0,99.0,,71.0,18.0,,15.0,1795.0,4.0,1.0,10.0,2.0,46.0,2.0,102.0,283.0,,24.0,,,,26.0,,,2.0,26.0,124.0,,1.0,3.0,87.0,126.0,,44.0,9.0,10.0,2.0,,31.0,2.0,22.0,18.0,3.0,2.0,,,2.0,1080.0,16.0,27.0,,18.0,10.0,17.0,32.0,9.0,19.0,,,3.0,1.0,790.0,2.0,2.0,,6.0,10.0,16.0,2.0,15.0,1.0,2.0,,,2.0,,,97.0,124.0,123.0,1.0,44.0,30.0,2488.0,5.0,,1119.0,287.0,1.0,8.0,1.0,,1.0,23.0,1.0,13.0,,,23.0,,10.0,1.0,27.0,1047.0,1.0,,,26.0,3.0,82.0,,1.0,28.0,150.0,129.0,73.0,4.0,,,259.0,9.0,180.0,1.0,1609.0,,,34.0,,,114.0,,,5.0,20.0,,1.0,25.0,5.0,138.0,4.0,30.0,,,,1.0,7.0,359.0,1.0,35.0,16.0,96.0,37.0,309.0,1.0,5.0,2.0,37.0,3.0,1.0,3746.0,40.0,289.0,83.0,10.0,835.0,8.0,20.0,121.0,3.0,176.0,1.0,2.0,,,14.0,,61.0,16.0,9.0,,2.0,51.0,,,,,,1.0,10.0,,,2.0,,3.0,1.0,360.0,10.0,,110.0,,28.0,,,46.0,99.0,,1.0,111.0,3.0,87.0,84.0,39.0,116.0,538.0
forest,59.0,6.0,14.0,5.0,7.0,59.0,64.0,29.0,491.0,142.0,0.0,654.0,1458.0,43.0,38.0,0.0,2534.0,49.0,21.0,169.0,176.0,83.0,63.0,104.0,19.0,4.0,116.0,30.0,9.0,89.0,30.0,1.0,138.0,23.0,205.0,72.0,12.0,4.0,14.0,274.0,80.0,15.0,5.0,31.0,51.0,43.0,69.0,17.0,0.0,9.0,9.0,24.0,2.0,1.0,86.0,36.0,1.0,53.0,0.0,19.0,59.0,220.0,15.0,6.0,172.0,162.0,9.0,38.0,11.0,274.0,399.0,64.0,183.0,691.0,36.0,33.0,9.0,70.0,909.0,375.0,12.0,195.0,2411.0,24.0,14.0,135.0,22.0,0.0,459.0,101.0,7.0,62.0,35.0,3.0,0.0,76.0,789.0,47.0,629.0,109.0,135.0,58.0,56.0,30.0,2.0,95.0,41.0,17.0,10.0,89.0,3.0,25.0,111.0,6.0,168.0,28.0,32.0,0.0,92.0,26.0,39.0,119.0,28.0,0.0,24.0,323.0,26.0,5.0,27.0,195.0,116.0,11.0,6.0,13.0,11.0,0.0,248.0,46.0,23.0,16.0,6.0,20.0,16.0,73.0,152.0,0.0,35.0,46.0,30.0,72.0,0.0,1.0,6.0,2859.0,12.0,60.0,2531.0,286.0,13.0,22.0,45.0,1632.0,627.0,32.0,46.0,3.0,4.0,15.0,4.0,5.0,113.0,19.0,13.0,51.0,5.0,0.0,3075.0,142.0,1.0,302.0,108.0,246.0,8.0,63.0,121.0,5.0,24.0,45.0,234.0,56.0,30.0,1237.0,477.0,196.0,8.0,22.0,29.0,0.0,18.0,13.0,37.0,50.0,28.0,8.0,742.0,66.0,6.0,5.0,25.0,0.0,0.0,16.0,54.0,7.0,6.0,3.0,865.0,264.0,1.0,9.0,1.0,52.0,1.0,221.0,19.0,24.0,7.0,116.0,76.0,2.0,14.0,13.0,71.0,322.0,36.0,286.0,71.0,14.0,959.0,8.0,10.0,304.0,13.0,5.0,266.0,82.0,54.0,78.0,31.0,15.0,200.0,21.0,57.0,6.0,9.0,4.0,601.0,14.0,86.0,1.0,14.0,8.0,2.0,2.0,19.0,8.0,4.0,10.0,32.0,135.0,185.0,2863.0,122.0,41.0,83.0,46.0,24.0,15.0,9.0,188.0,14.0,0.0,100.0,21.0,15.0,29.0,119.0,74.0,220.0,7.0,31.0,54.0,131.0,1.0,17.0,406.0,114.0,3.0,53.0,26.0,32.0,164.0,13.0,13.0,124.0,29.0,43.0,65.0,69.0,102.0,25.0,5.0,79.0,48.0,7.0,68.0,293.0,27.0,138.0,16.0,0.0,22.0,3.0,331.0,127.0,41.0,140.0,153.0,13.0,11.0,0.0,45.0,42.0,61.0,22.0,35.0,2.0,0.0,29.0,32.0,54.0,42.0,9.0,0.0,114.0,189.0,178.0,415.0,2.0,26.0,27.0,1.0,284.0,5.0,264.0,29.0,17.0,72.0,12.0,7.0,8.0,61.0,21.0,75.0,1.0,90.0,7.0,3.0,29.0,126.0,7.0,1.0,28.0,15.0,3.0,20.0,506.0,85.0,118.0,224.0,4.0,22.0,114.0,0.0,37.0,1937.0,12.0,3.0,1.0,2.0,103.0,36.0,88.0,177.0,0.0,78.0,0.0,16.0,4.0,9.0,5.0,0.0,17.0,57.0,232.0,8.0,0.0,2.0,80.0,325.0,4.0,29.0,48.0,124.0,19.0,41.0,3.0,1.0,7.0,63.0,21.0,5.0,4.0,1.0,59.0,806.0,85.0,34.0,0.0,29.0,21.0,17.0,150.0,7.0,17.0,5.0,0.0,0.0,0.0,1127.0,3.0,2.0,0.0,9.0,11.0,131.0,6.0,8.0,29.0,43.0,0.0,2.0,91.0,6.0,1.0,47.0,110.0,81.0,1.0,201.0,142.0,2800.0,2.0,0.0,1949.0,197.0,2.0,3.0,1.0,1.0,65.0,103.0,2.0,51.0,16.0,0.0,47.0,21.0,56.0,7.0,79.0,1350.0,1.0,26.0,2.0,34.0,37.0,607.0,12.0,4.0,1.0,390.0,259.0,207.0,7.0,11.0,2.0,63.0,27.0,126.0,86.0,1763.0,0.0,24.0,23.0,28.0,12.0,118.0,10.0,17.0,2.0,16.0,2.0,5.0,86.0,19.0,119.0,9.0,41.0,1.0,36.0,0.0,0.0,26.0,296.0,2.0,94.0,43.0,105.0,18.0,500.0,66.0,1.0,1.0,70.0,18.0,8.0,2239.0,24.0,177.0,68.0,5.0,1002.0,25.0,9.0,199.0,0.0,165.0,0.0,1.0,7.0,18.0,14.0,10.0,6.0,22.0,36.0,6.0,2.0,22.0,0.0,39.0,0.0,0.0,0.0,5.0,10.0,4.0,1.0,2.0,0.0,4.0,22.0,585.0,43.0,1.0,346.0,1.0,87.0,0.0,0.0,39.0,116.0,4.0,2.0,189.0,16.0,247.0,199.0,109.0,538.0,763.0
groundwater,0.0,1.0,0.0,0.0,0.0,25.0,4.0,4.0,2.0,16.0,0.0,5.0,8.0,1.0,4.0,0.0,13.0,2.0,0.0,45.0,20.0,1.0,7.0,1.0,0.0,0.0,7.0,1.0,1.0,10.0,0.0,1.0,5.0,0.0,35.0,8.0,0.0,0.0,0.0,6.0,33.0,10.0,0.0,1.0,1.0,0.0,1.0,1.0,0.0,0.0,1.0,0.0,0.0,1.0,3.0,1.0,1.0,1.0,0.0,1.0,0.0,1.0,2.0,0.0,1.0,10.0,0.0,1.0,0.0,45.0,3.0,11.0,1.0,6.0,3.0,2.0,0.0,26.0,5.0,27.0,1.0,20.0,33.0,0.0,1.0,1.0,0.0,0.0,29.0,20.0,2.0,1.0,1.0,0.0,0.0,5.0,32.0,3.0,43.0,3.0,2.0,3.0,3.0,0.0,9.0,2.0,0.0,0.0,0.0,5.0,1.0,0.0,6.0,0.0,1.0,0.0,3.0,0.0,3.0,0.0,2.0,7.0,2.0,0.0,2.0,17.0,1.0,0.0,1.0,83.0,1.0,1.0,1.0,2.0,1.0,0.0,2.0,1.0,0.0,0.0,0.0,2.0,1.0,2.0,7.0,1.0,0.0,3.0,6.0,1.0,0.0,0.0,2.0,16.0,0.0,0.0,53.0,3.0,0.0,0.0,1.0,28.0,16.0,0.0,1.0,1.0,2.0,1.0,0.0,0.0,9.0,2.0,0.0,11.0,0.0,0.0,127.0,1.0,0.0,2.0,3.0,5.0,0.0,6.0,15.0,0.0,3.0,2.0,7.0,1.0,5.0,10.0,7.0,14.0,0.0,12.0,5.0,0.0,0.0,1.0,6.0,2.0,0.0,0.0,25.0,15.0,0.0,0.0,3.0,0.0,0.0,1.0,1.0,0.0,0.0,4.0,1.0,3.0,0.0,12.0,0.0,0.0,0.0,49.0,6.0,0.0,5.0,0.0,1.0,0.0,2.0,0.0,0.0,90.0,8.0,109.0,1.0,6.0,36.0,0.0,0.0,4.0,1.0,7.0,4.0,8.0,8.0,3.0,5.0,3.0,15.0,0.0,2.0,1.0,0.0,0.0,6.0,9.0,2.0,1.0,1.0,0.0,0.0,1.0,3.0,3.0,1.0,1.0,3.0,3.0,1.0,87.0,0.0,1.0,25.0,2.0,2.0,3.0,1.0,40.0,1.0,0.0,2.0,3.0,0.0,1.0,31.0,0.0,109.0,11.0,1.0,0.0,2.0,0.0,0.0,4.0,25.0,7.0,3.0,0.0,1.0,3.0,0.0,3.0,12.0,0.0,0.0,7.0,1.0,2.0,0.0,1.0,18.0,1.0,2.0,4.0,2.0,0.0,19.0,1.0,1.0,0.0,0.0,1.0,16.0,7.0,1.0,1.0,2.0,12.0,0.0,1.0,0.0,10.0,0.0,5.0,0.0,1.0,2.0,1.0,0.0,1.0,0.0,0.0,6.0,2.0,91.0,9.0,0.0,1.0,0.0,0.0,2.0,0.0,3.0,3.0,0.0,8.0,1.0,2.0,1.0,0.0,0.0,1.0,0.0,42.0,0.0,0.0,8.0,1.0,2.0,0.0,1.0,0.0,1.0,0.0,3.0,2.0,3.0,37.0,0.0,12.0,1.0,0.0,1.0,19.0,1.0,0.0,0.0,0.0,5.0,1.0,2.0,21.0,0.0,2.0,1.0,2.0,0.0,0.0,0.0,0.0,1.0,1.0,24.0,0.0,0.0,0.0,14.0,4.0,0.0,4.0,2.0,0.0,8.0,0.0,1.0,0.0,1.0,6.0,1.0,1.0,2.0,1.0,1.0,3.0,21.0,0.0,0.0,1.0,3.0,5.0,2.0,0.0,0.0,1.0,0.0,0.0,0.0,20.0,11.0,2.0,0.0,0.0,1.0,0.0,0.0,5.0,0.0,3.0,0.0,0.0,3.0,0.0,0.0,1.0,1.0,5.0,0.0,3.0,6.0,92.0,0.0,1.0,17.0,6.0,0.0,1.0,0.0,0.0,0.0,10.0,0.0,6.0,0.0,0.0,8.0,0.0,0.0,0.0,2.0,4.0,0.0,7.0,0.0,2.0,0.0,3.0,0.0,0.0,0.0,9.0,3.0,16.0,0.0,1.0,3.0,2.0,1.0,1.0,0.0,29.0,0.0,0.0,0.0,6.0,1.0,9.0,1.0,0.0,0.0,3.0,4.0,1.0,6.0,0.0,18.0,0.0,0.0,1.0,6.0,0.0,0.0,1.0,1.0,0.0,10.0,3.0,1.0,2.0,40.0,4.0,1.0,0.0,2.0,1.0,1.0,24.0,10.0,3.0,0.0,0.0,53.0,17.0,0.0,1.0,0.0,5.0,0.0,0.0,0.0,0.0,1.0,0.0,1.0,2.0,1.0,1.0,1.0,0.0,0.0,0.0,0.0,0.0,0.0,0.0,0.0,1.0,0.0,0.0,0.0,0.0,0.0,132.0,1.0,0.0,69.0,0.0,1.0,0.0,0.0,0.0,1.0,0.0,0.0,19.0,0.0,3.0,3.0,3.0,4.0,43.0
ice,30.0,0.0,0.0,1.0,0.0,0.0,0.0,1.0,2.0,9.0,0.0,0.0,1.0,16.0,0.0,0.0,3.0,0.0,0.0,0.0,19.0,2.0,1.0,6.0,0.0,0.0,3.0,0.0,2.0,2.0,0.0,0.0,0.0,11.0,13.0,2.0,0.0,0.0,0.0,0.0,9.0,1.0,0.0,1.0,0.0,0.0,0.0,3.0,5.0,10.0,0.0,0.0,0.0,0.0,10.0,6.0,0.0,0.0,0.0,1.0,0.0,0.0,0.0,0.0,0.0,0.0,0.0,0.0,2.0,11.0,10.0,2.0,1.0,9.0,1.0,0.0,0.0,4.0,1.0,17.0,0.0,4.0,4.0,0.0,0.0,1.0,1.0,0.0,5.0,0.0,0.0,0.0,1.0,0.0,0.0,2.0,0.0,0.0,2.0,0.0,0.0,0.0,0.0,3.0,0.0,0.0,0.0,9.0,0.0,0.0,0.0,0.0,0.0,0.0,0.0,0.0,0.0,0.0,0.0,0.0,1.0,1.0,1.0,0.0,1.0,4.0,0.0,13.0,2.0,0.0,1.0,0.0,0.0,0.0,0.0,0.0,3.0,0.0,0.0,0.0,0.0,0.0,6.0,0.0,2.0,0.0,0.0,3.0,0.0,0.0,0.0,0.0,0.0,11.0,0.0,6.0,29.0,0.0,0.0,0.0,0.0,0.0,2.0,0.0,0.0,0.0,0.0,0.0,4.0,0.0,5.0,0.0,7.0,9.0,0.0,0.0,20.0,1.0,0.0,0.0,0.0,3.0,0.0,0.0,0.0,1.0,0.0,0.0,6.0,7.0,0.0,6.0,1.0,6.0,0.0,0.0,0.0,0.0,0.0,1.0,0.0,1.0,0.0,0.0,8.0,0.0,7.0,0.0,2.0,0.0,0.0,17.0,0.0,9.0,0.0,0.0,4.0,2.0,0.0,0.0,0.0,0.0,0.0,0.0,0.0,0.0,0.0,2.0,0.0,0.0,0.0,13.0,1.0,1.0,35.0,7.0,0.0,2.0,21.0,8.0,33.0,7.0,0.0,1.0,0.0,0.0,0.0,0.0,0.0,0.0,3.0,0.0,0.0,0.0,0.0,0.0,0.0,0.0,20.0,0.0,0.0,0.0,0.0,0.0,8.0,0.0,0.0,0.0,18.0,0.0,17.0,14.0,42.0,0.0,0.0,11.0,0.0,0.0,0.0,4.0,7.0,0.0,1.0,0.0,0.0,0.0,0.0,3.0,13.0,0.0,0.0,0.0,3.0,0.0,0.0,2.0,0.0,1.0,0.0,0.0,15.0,3.0,0.0,0.0,2.0,0.0,2.0,12.0,0.0,5.0,1.0,0.0,3.0,13.0,1.0,0.0,0.0,0.0,1.0,37.0,0.0,0.0,0.0,10.0,0.0,9.0,0.0,0.0,1.0,0.0,0.0,0.0,3.0,3.0,0.0,0.0,1.0,11.0,1.0,0.0,0.0,1.0,0.0,0.0,0.0,17.0,6.0,0.0,0.0,0.0,1.0,0.0,0.0,0.0,0.0,5.0,0.0,32.0,0.0,0.0,0.0,0.0,0.0,3.0,0.0,0.0,0.0,0.0,0.0,1.0,0.0,0.0,0.0,0.0,0.0,0.0,1.0,0.0,8.0,0.0,9.0,1.0,12.0,0.0,0.0,3.0,0.0,0.0,0.0,0.0,1.0,0.0,1.0,2.0,0.0,1.0,0.0,0.0,2.0,0.0,0.0,0.0,0.0,0.0,5.0,0.0,2.0,0.0,33.0,7.0,0.0,3.0,0.0,0.0,0.0,0.0,0.0,0.0,0.0,0.0,0.0,12.0,0.0,0.0,35.0,0.0,0.0,1.0,0.0,0.0,1.0,0.0,0.0,2.0,0.0,0.0,0.0,0.0,0.0,2.0,0.0,0.0,0.0,0.0,0.0,25.0,0.0,0.0,0.0,1.0,0.0,1.0,14.0,11.0,0.0,0.0,0.0,0.0,0.0,1.0,0.0,11.0,0.0,0.0,53.0,1.0,0.0,0.0,0.0,0.0,0.0,0.0,0.0,0.0,0.0,4.0,8.0,0.0,0.0,2.0,0.0,5.0,0.0,2.0,0.0,1.0,0.0,0.0,1.0,0.0,0.0,1.0,4.0,1.0,0.0,0.0,0.0,0.0,0.0,0.0,0.0,11.0,0.0,2.0,0.0,7.0,0.0,0.0,13.0,5.0,0.0,0.0,0.0,0.0,4.0,0.0,9.0,1.0,0.0,0.0,10.0,0.0,0.0,4.0,0.0,0.0,40.0,0.0,0.0,0.0,5.0,22.0,0.0,0.0,0.0,0.0,0.0,9.0,0.0,0.0,0.0,0.0,4.0,3.0,1.0,0.0,0.0,0.0,0.0,0.0,0.0,0.0,0.0,0.0,0.0,0.0,3.0,0.0,0.0,0.0,0.0,0.0,0.0,0.0,0.0,0.0,0.0,0.0,0.0,0.0,0.0,1.0,1.0,19.0,0.0,0.0,1.0,0.0,2.0,0.0,0.0,1.0,0.0,0.0,0.0,16.0,14.0,6.0,0.0,9.0,0.0,14.0
lake,9.0,3.0,2.0,2.0,11.0,3.0,15.0,27.0,3.0,293.0,1.0,50.0,28.0,0.0,2.0,2.0,66.0,4.0,1.0,16.0,86.0,7.0,7.0,8.0,2.0,0.0,14.0,5.0,9.0,47.0,1.0,24.0,19.0,19.0,191.0,15.0,2.0,7.0,1.0,83.0,34.0,1.0,1.0,13.0,8.0,78.0,21.0,52.0,0.0,5.0,3.0,1.0,4.0,5.0,56.0,7.0,11.0,24.0,11.0,4.0,8.0,40.0,22.0,16.0,6.0,38.0,3.0,1.0,10.0,167.0,257.0,132.0,23.0,49.0,4.0,8.0,2.0,8.0,13.0,671.0,6.0,25.0,202.0,15.0,10.0,56.0,7.0,0.0,78.0,16.0,23.0,7.0,3.0,9.0,0.0,13.0,159.0,22.0,40.0,35.0,11.0,1.0,3.0,13.0,0.0,4.0,0.0,0.0,4.0,27.0,0.0,3.0,12.0,1.0,19.0,20.0,10.0,3.0,9.0,1.0,13.0,7.0,7.0,9.0,17.0,45.0,3.0,0.0,3.0,57.0,4.0,9.0,1.0,4.0,1.0,0.0,56.0,9.0,1.0,3.0,0.0,21.0,7.0,21.0,128.0,2.0,6.0,21.0,4.0,1.0,0.0,1.0,4.0,139.0,5.0,3.0,380.0,2.0,0.0,60.0,6.0,207.0,26.0,1.0,1.0,2.0,9.0,0.0,0.0,2.0,50.0,3.0,12.0,24.0,3.0,0.0,275.0,17.0,0.0,47.0,49.0,22.0,0.0,16.0,32.0,0.0,2.0,20.0,70.0,23.0,21.0,170.0,42.0,17.0,0.0,23.0,0.0,0.0,15.0,59.0,6.0,0.0,4.0,15.0,52.0,22.0,0.0,5.0,10.0,0.0,0.0,8.0,64.0,2.0,1.0,0.0,33.0,14.0,0.0,5.0,4.0,8.0,0.0,24.0,14.0,0.0,18.0,5.0,5.0,2.0,3.0,2.0,113.0,216.0,39.0,71.0,7.0,15.0,250.0,6.0,29.0,9.0,0.0,2.0,13.0,37.0,0.0,20.0,15.0,5.0,137.0,6.0,15.0,0.0,4.0,1.0,50.0,4.0,6.0,1.0,12.0,11.0,1.0,4.0,10.0,16.0,2.0,4.0,4.0,2.0,16.0,214.0,0.0,13.0,20.0,11.0,3.0,0.0,11.0,59.0,8.0,0.0,9.0,6.0,6.0,2.0,122.0,3.0,281.0,10.0,7.0,7.0,64.0,0.0,0.0,19.0,28.0,1.0,0.0,18.0,1.0,71.0,2.0,4.0,27.0,5.0,6.0,36.0,19.0,5.0,1.0,4.0,21.0,9.0,3.0,27.0,11.0,1.0,66.0,17.0,1.0,14.0,6.0,17.0,20.0,9.0,25.0,2.0,15.0,9.0,0.0,2.0,2.0,17.0,4.0,13.0,2.0,0.0,9.0,31.0,1.0,11.0,0.0,0.0,22.0,16.0,34.0,24.0,2.0,6.0,2.0,0.0,19.0,9.0,47.0,8.0,1.0,48.0,50.0,10.0,0.0,18.0,12.0,100.0,0.0,29.0,5.0,2.0,5.0,26.0,13.0,0.0,4.0,1.0,0.0,8.0,27.0,5.0,8.0,113.0,3.0,15.0,26.0,0.0,4.0,68.0,1.0,4.0,1.0,2.0,48.0,4.0,17.0,123.0,4.0,3.0,0.0,11.0,0.0,6.0,1.0,16.0,14.0,10.0,105.0,0.0,2.0,10.0,88.0,17.0,3.0,2.0,3.0,4.0,4.0,4.0,2.0,0.0,1.0,24.0,2.0,4.0,9.0,1.0,23.0,22.0,17.0,2.0,0.0,6.0,8.0,7.0,13.0,145.0,2.0,2.0,0.0,0.0,3.0,90.0,0.0,6.0,0.0,0.0,3.0,12.0,0.0,2.0,0.0,4.0,0.0,6.0,25.0,6.0,0.0,13.0,8.0,12.0,2.0,10.0,42.0,210.0,0.0,1.0,108.0,50.0,5.0,10.0,0.0,1.0,4.0,16.0,3.0,13.0,0.0,0.0,24.0,2.0,4.0,3.0,24.0,23.0,1.0,37.0,0.0,0.0,1.0,3.0,0.0,4.0,0.0,33.0,9.0,7.0,2.0,3.0,0.0,19.0,4.0,17.0,6.0,137.0,2.0,3.0,9.0,15.0,3.0,16.0,5.0,0.0,0.0,16.0,6.0,0.0,21.0,10.0,31.0,2.0,6.0,1.0,22.0,0.0,0.0,3.0,31.0,0.0,20.0,6.0,11.0,0.0,262.0,5.0,0.0,0.0,8.0,6.0,0.0,214.0,2.0,28.0,16.0,7.0,38.0,4.0,4.0,1.0,0.0,55.0,0.0,11.0,0.0,1.0,8.0,0.0,4.0,47.0,0.0,3.0,5.0,25.0,0.0,0.0,0.0,0.0,3.0,2.0,6.0,0.0,0.0,2.0,0.0,0.0,10.0,228.0,3.0,3.0,151.0,0.0,7.0,0.0,6.0,13.0,29.0,9.0,2.0,169.0,1.0,20.0,16.0,21.0,28.0,108.0
marine,446.0,223.0,74.0,230.0,207.0,186.0,135.0,490.0,126.0,1622.0,30.0,320.0,315.0,215.0,269.0,12.0,346.0,209.0,85.0,625.0,2149.0,184.0,441.0,110.0,39.0,3.0,289.0,194.0,1230.0,402.0,63.0,140.0,4346.0,1078.0,2288.0,748.0,32.0,62.0,49.0,535.0,974.0,208.0,162.0,300.0,25.0,312.0,165.0,816.0,408.0,503.0,10.0,203.0,68.0,95.0,3244.0,566.0,60.0,539.0,691.0,250.0,252.0,126.0,2161.0,222.0,48.0,292.0,34.0,163.0,431.0,2460.0,566.0,271.0,1194.0,1847.0,179.0,52.0,99.0,287.0,441.0,1535.0,60.0,1470.0,676.0,213.0,109.0,409.0,117.0,1.0,627.0,178.0,51.0,124.0,379.0,79.0,186.0,288.0,567.0,96.0,426.0,213.0,263.0,245.0,112.0,679.0,261.0,42.0,18.0,55.0,181.0,130.0,33.0,43.0,104.0,23.0,179.0,90.0,531.0,23.0,169.0,17.0,379.0,473.0,323.0,13.0,580.0,673.0,623.0,209.0,182.0,493.0,226.0,133.0,9.0,60.0,54.0,2.0,675.0,450.0,57.0,88.0,11.0,42.0,262.0,143.0,1550.0,575.0,20.0,283.0,42.0,15.0,0.0,37.0,263.0,1256.0,12.0,374.0,2595.0,84.0,46.0,290.0,289.0,869.0,977.0,58.0,56.0,82.0,690.0,2.0,26.0,31.0,929.0,386.0,545.0,1989.0,175.0,0.0,4454.0,184.0,67.0,418.0,190.0,417.0,81.0,530.0,338.0,33.0,30.0,129.0,1040.0,1661.0,167.0,429.0,768.0,612.0,8.0,575.0,41.0,16.0,168.0,546.0,470.0,79.0,159.0,93.0,1107.0,345.0,766.0,78.0,580.0,6.0,29.0,1939.0,496.0,797.0,31.0,27.0,293.0,196.0,0.0,75.0,85.0,87.0,86.0,471.0,3892.0,100.0,130.0,430.0,69.0,2.0,40.0,1006.0,24.0,1031.0,5599.0,939.0,167.0,556.0,1123.0,1402.0,2469.0,928.0,12.0,114.0,261.0,1463.0,184.0,207.0,80.0,47.0,557.0,206.0,162.0,21.0,181.0,28.0,817.0,165.0,963.0,18.0,120.0,39.0,25.0,100.0,572.0,137.0,82.0,81.0,610.0,152.0,5117.0,3689.0,514.0,243.0,174.0,335.0,388.0,40.0,14.0,2011.0,1321.0,1.0,146.0,570.0,88.0,303.0,240.0,534.0,1365.0,291.0,226.0,14.0,308.0,9.0,24.0,402.0,360.0,151.0,104.0,118.0,2978.0,414.0,815.0,14.0,137.0,88.0,59.0,3668.0,89.0,333.0,95.0,68.0,354.0,1210.0,81.0,240.0,30.0,1077.0,556.0,1703.0,464.0,56.0,137.0,265.0,197.0,771.0,159.0,399.0,571.0,91.0,19.0,31.0,177.0,749.0,11.0,273.0,10.0,1127.0,388.0,59.0,2318.0,647.0,37.0,2.0,189.0,1360.0,1798.0,423.0,22.0,60.0,228.0,5.0,67.0,23.0,239.0,216.0,113.0,2483.0,1046.0,48.0,306.0,53.0,46.0,168.0,32.0,408.0,421.0,233.0,30.0,981.0,259.0,8.0,150.0,55.0,46.0,285.0,187.0,123.0,676.0,589.0,530.0,437.0,972.0,30.0,171.0,626.0,17.0,42.0,20.0,20.0,870.0,15.0,482.0,988.0,12.0,24.0,4.0,464.0,8.0,29.0,134.0,24.0,17.0,45.0,255.0,7.0,3770.0,39.0,1816.0,344.0,17.0,177.0,265.0,131.0,109.0,58.0,28.0,0.0,114.0,215.0,386.0,457.0,220.0,102.0,4118.0,98.0,212.0,50.0,39.0,159.0,20.0,180.0,295.0,359.0,24.0,22.0,803.0,43.0,5.0,657.0,95.0,170.0,12.0,22.0,15.0,489.0,60.0,216.0,411.0,824.0,12.0,429.0,1872.0,718.0,17.0,110.0,107.0,87.0,23.0,91.0,1443.0,3765.0,18.0,6.0,3462.0,284.0,457.0,137.0,7.0,50.0,143.0,207.0,52.0,382.0,175.0,487.0,1395.0,253.0,264.0,66.0,208.0,531.0,44.0,3290.0,63.0,72.0,143.0,72.0,219.0,13.0,10.0,180.0,550.0,197.0,17.0,36.0,156.0,163.0,25.0,107.0,19.0,1115.0,11.0,122.0,46.0,1256.0,163.0,382.0,786.0,733.0,11.0,569.0,127.0,3.0,2318.0,37.0,717.0,129.0,166.0,40.0,2112.0,14.0,3.0,3041.0,366.0,21.0,691.0,126.0,283.0,35.0,789.0,939.0,230.0,9.0,56.0,18.0,4.0,1960.0,59.0,261.0,160.0,120.0,1764.0,160.0,30.0,13.0,18.0,436.0,21.0,38.0,28.0,32.0,34.0,60.0,42.0,80.0,104.0,4.0,11.0,133.0,12.0,31.0,22.0,13.0,9.0,2.0,15.0,2.0,3.0,3.0,8.0,3.0,179.0,3360.0,263.0,34.0,836.0,16.0,198.0,14.0,16.0,73.0,167.0,99.0,19.0,840.0,180.0,234.0,83.0,291.0,89.0,1086.0
paddy,2.0,10.0,27.0,9.0,3.0,30.0,93.0,204.0,18.0,51.0,6.0,61.0,580.0,0.0,24.0,0.0,193.0,8.0,7.0,408.0,88.0,54.0,8.0,33.0,23.0,24.0,114.0,4.0,0.0,1060.0,2.0,12.0,12.0,0.0,513.0,79.0,63.0,100.0,2.0,1493.0,96.0,33.0,1.0,121.0,243.0,47.0,118.0,17.0,1.0,0.0,44.0,11.0,56.0,2.0,1.0,68.0,6.0,79.0,2.0,15.0,32.0,177.0,39.0,337.0,8.0,107.0,34.0,37.0,0.0,482.0,715.0,10.0,202.0,1048.0,3.0,46.0,69.0,45.0,76.0,957.0,78.0,121.0,1077.0,9.0,8.0,575.0,440.0,1.0,1681.0,768.0,19.0,11.0,11.0,2.0,0.0,59.0,1572.0,23.0,90.0,641.0,10.0,100.0,9.0,7.0,13.0,47.0,22.0,0.0,4.0,722.0,0.0,79.0,177.0,12.0,44.0,32.0,1.0,0.0,79.0,12.0,10.0,45.0,0.0,0.0,2.0,123.0,6.0,0.0,4.0,857.0,0.0,18.0,3.0,84.0,139.0,0.0,761.0,8.0,12.0,69.0,0.0,115.0,2.0,797.0,96.0,5.0,1.0,0.0,112.0,36.0,1.0,0.0,25.0,1613.0,15.0,19.0,1733.0,42.0,2.0,27.0,1.0,852.0,419.0,16.0,13.0,4.0,1.0,11.0,7.0,0.0,781.0,15.0,3.0,41.0,3.0,0.0,1046.0,175.0,0.0,694.0,26.0,557.0,1.0,99.0,579.0,6.0,11.0,33.0,461.0,27.0,6.0,163.0,64.0,25.0,1.0,10.0,16.0,0.0,108.0,10.0,4.0,8.0,5.0,1.0,145.0,897.0,0.0,2.0,88.0,0.0,0.0,0.0,51.0,0.0,0.0,1.0,356.0,291.0,11.0,3.0,2.0,42.0,0.0,41.0,5.0,0.0,8.0,11.0,8.0,13.0,0.0,0.0,13.0,306.0,30.0,808.0,110.0,1.0,338.0,0.0,4.0,7.0,15.0,6.0,133.0,15.0,9.0,58.0,29.0,111.0,367.0,311.0,365.0,0.0,0.0,0.0,598.0,93.0,0.0,1.0,581.0,10.0,0.0,0.0,0.0,40.0,6.0,33.0,2.0,17.0,4.0,528.0,10.0,324.0,35.0,4.0,5.0,15.0,1.0,493.0,1.0,0.0,24.0,28.0,107.0,23.0,801.0,37.0,907.0,1.0,14.0,14.0,124.0,3.0,2.0,264.0,872.0,0.0,5.0,155.0,0.0,144.0,7.0,35.0,347.0,136.0,18.0,24.0,709.0,4.0,37.0,29.0,205.0,14.0,10.0,18.0,12.0,1.0,556.0,0.0,1.0,85.0,0.0,149.0,234.0,11.0,100.0,11.0,9.0,135.0,0.0,4.0,5.0,277.0,75.0,265.0,1.0,0.0,2.0,292.0,0.0,10.0,1.0,0.0,602.0,7.0,148.0,207.0,0.0,0.0,4.0,0.0,677.0,0.0,1040.0,55.0,6.0,14.0,530.0,0.0,1.0,1.0,1.0,63.0,0.0,222.0,22.0,0.0,56.0,10.0,4.0,1.0,5.0,11.0,8.0,0.0,179.0,3.0,4.0,287.0,0.0,191.0,59.0,0.0,235.0,272.0,54.0,0.0,5.0,14.0,13.0,1.0,36.0,410.0,1.0,40.0,0.0,0.0,0.0,2.0,1.0,0.0,40.0,403.0,26.0,0.0,7.0,0.0,22.0,116.0,10.0,9.0,8.0,1.0,57.0,8.0,49.0,0.0,24.0,509.0,12.0,1.0,0.0,0.0,2.0,130.0,127.0,20.0,0.0,2.0,67.0,324.0,3.0,181.0,33.0,0.0,0.0,0.0,3.0,1051.0,4.0,0.0,0.0,0.0,163.0,5.0,4.0,28.0,0.0,15.0,0.0,0.0,27.0,0.0,0.0,384.0,90.0,668.0,4.0,162.0,23.0,693.0,17.0,0.0,230.0,879.0,1.0,5.0,0.0,10.0,5.0,385.0,7.0,11.0,0.0,1.0,6.0,3.0,1.0,1.0,90.0,62.0,0.0,7.0,0.0,3.0,3.0,16.0,0.0,30.0,18.0,57.0,7.0,58.0,10.0,0.0,4.0,134.0,49.0,1110.0,11.0,267.0,19.0,1.0,174.0,9.0,0.0,368.0,3.0,1.0,0.0,49.0,7.0,1.0,40.0,3.0,539.0,0.0,8.0,3.0,7.0,0.0,0.0,0.0,779.0,1.0,37.0,17.0,161.0,1.0,714.0,4.0,6.0,0.0,208.0,93.0,11.0,1321.0,475.0,958.0,724.0,57.0,383.0,41.0,18.0,11.0,1.0,544.0,1.0,27.0,0.0,0.0,32.0,6.0,34.0,42.0,0.0,43.0,20.0,55.0,0.0,0.0,0.0,0.0,27.0,0.0,60.0,3.0,0.0,16.0,0.0,6.0,1.0,783.0,17.0,8.0,696.0,5.0,7.0,0.0,3.0,72.0,926.0,0.0,0.0,697.0,0.0,194.0,125.0,7.0,58.0,701.0
peatland,16.0,5.0,2.0,3.0,6.0,9.0,122.0,11.0,60.0,15.0,0.0,767.0,113.0,15.0,5.0,0.0,847.0,8.0,52.0,147.0,13.0,10.0,10.0,14.0,3.0,16.0,12.0,6.0,5.0,118.0,9.0,38.0,16.0,0.0,99.0,36.0,14.0,2.0,2.0,472.0,73.0,1.0,5.0,9.0,19.0,95.0,16.0,2.0,1.0,1.0,11.0,10.0,1.0,7.0,6.0,11.0,0.0,5.0,0.0,4.0,0.0,171.0,2.0,1.0,127.0,155.0,22.0,10.0,2.0,194.0,56.0,108.0,11.0,242.0,0.0,27.0,7.0,58.0,58.0,201.0,1.0,20.0,779.0,8.0,6.0,35.0,8.0,1.0,121.0,86.0,18.0,14.0,12.0,4.0,2.0,17.0,538.0,10.0,56.0,6.0,40.0,5.0,11.0,2.0,5.0,67.0,2.0,2.0,0.0,57.0,0.0,4.0,52.0,11.0,11.0,16.0,19.0,0.0,94.0,5.0,24.0,56.0,2.0,0.0,4.0,56.0,1.0,2.0,6.0,44.0,3.0,58.0,2.0,119.0,13.0,0.0,253.0,5.0,2.0,0.0,0.0,26.0,11.0,89.0,109.0,2.0,7.0,0.0,26.0,18.0,0.0,1.0,12.0,778.0,5.0,5.0,857.0,61.0,6.0,37.0,1.0,758.0,231.0,18.0,7.0,8.0,0.0,2.0,16.0,2.0,83.0,38.0,12.0,1.0,3.0,0.0,168.0,2.0,0.0,115.0,34.0,103.0,0.0,4.0,42.0,1.0,8.0,23.0,19.0,22.0,13.0,514.0,69.0,48.0,0.0,2.0,6.0,1.0,9.0,53.0,14.0,1.0,13.0,13.0,66.0,53.0,1.0,3.0,48.0,0.0,0.0,3.0,17.0,5.0,0.0,0.0,273.0,152.0,4.0,11.0,8.0,16.0,0.0,60.0,1.0,3.0,62.0,11.0,26.0,11.0,7.0,2.0,23.0,133.0,1.0,111.0,8.0,0.0,77.0,0.0,3.0,62.0,4.0,2.0,121.0,42.0,2.0,144.0,15.0,4.0,67.0,14.0,114.0,4.0,1.0,1.0,338.0,1.0,7.0,4.0,13.0,8.0,2.0,0.0,14.0,26.0,6.0,20.0,3.0,76.0,34.0,417.0,51.0,4.0,33.0,5.0,3.0,5.0,1.0,24.0,0.0,0.0,43.0,12.0,0.0,7.0,32.0,12.0,58.0,0.0,26.0,1.0,58.0,6.0,2.0,77.0,195.0,0.0,23.0,2.0,0.0,29.0,4.0,43.0,154.0,5.0,6.0,3.0,81.0,20.0,18.0,32.0,51.0,1.0,13.0,30.0,251.0,1.0,116.0,0.0,1.0,16.0,1.0,73.0,35.0,5.0,6.0,18.0,3.0,116.0,2.0,6.0,28.0,31.0,1.0,81.0,1.0,0.0,12.0,73.0,0.0,10.0,1.0,0.0,143.0,31.0,10.0,146.0,16.0,3.0,16.0,0.0,200.0,0.0,62.0,19.0,2.0,10.0,5.0,2.0,1.0,27.0,7.0,76.0,0.0,19.0,9.0,0.0,28.0,1.0,6.0,9.0,2.0,3.0,3.0,1.0,146.0,3.0,25.0,20.0,0.0,10.0,24.0,0.0,57.0,86.0,25.0,7.0,0.0,2.0,14.0,292.0,28.0,105.0,1.0,19.0,0.0,0.0,1.0,2.0,10.0,3.0,24.0,12.0,45.0,8.0,0.0,1.0,29.0,86.0,20.0,8.0,49.0,5.0,25.0,13.0,1.0,0.0,8.0,228.0,9.0,2.0,1.0,2.0,10.0,131.0,19.0,5.0,0.0,6.0,9.0,18.0,37.0,13.0,3.0,1.0,0.0,1.0,0.0,495.0,0.0,1.0,0.0,0.0,1.0,16.0,21.0,6.0,1.0,0.0,0.0,1.0,14.0,2.0,0.0,7.0,33.0,42.0,0.0,15.0,33.0,664.0,0.0,1.0,410.0,225.0,1.0,0.0,2.0,0.0,2.0,47.0,0.0,15.0,0.0,0.0,8.0,7.0,19.0,11.0,21.0,81.0,0.0,0.0,0.0,4.0,8.0,156.0,0.0,24.0,0.0,211.0,84.0,41.0,1.0,1.0,2.0,8.0,3.0,234.0,20.0,152.0,0.0,2.0,0.0,0.0,0.0,12.0,1.0,0.0,0.0,4.0,0.0,24.0,9.0,9.0,103.0,3.0,9.0,4.0,1.0,0.0,1.0,0.0,318.0,0.0,69.0,66.0,19.0,15.0,157.0,2.0,2.0,0.0,38.0,24.0,100.0,208.0,16.0,177.0,51.0,6.0,100.0,30.0,0.0,64.0,0.0,220.0,9.0,46.0,1.0,0.0,21.0,0.0,13.0,58.0,5.0,7.0,113.0,72.0,0.0,10.0,0.0,0.0,5.0,28.0,48.0,0.0,2.0,34.0,4.0,0.0,10.0,152.0,0.0,18.0,206.0,8.0,32.0,2.0,5.0,15.0,34.0,3.0,0.0,91.0,11.0,78.0,49.0,28.0,282.0,155.0
reservoir,6.0,1.0,3.0,3.0,1.0,11.0,6.0,19.0,40.0,18.0,0.0,13.0,283.0,9.0,12.0,0.0,104.0,1.0,1.0,39.0,9.0,31.0,1.0,25.0,0.0,0.0,32.0,1.0,0.0,25.0,5.0,9.0,6.0,0.0,26.0,6.0,1.0,2.0,0.0,5.0,19.0,3.0,1.0,7.0,2.0,3.0,74.0,5.0,0.0,0.0,0.0,3.0,1.0,0.0,1.0,11.0,2.0,40.0,0.0,4.0,0.0,5.0,1.0,1.0,3.0,22.0,0.0,2.0,0.0,3.0,145.0,0.0,76.0,53.0,1.0,9.0,1.0,7.0,42.0,10.0,0.0,31.0,103.0,5.0,0.0,90.0,3.0,0.0,64.0,4.0,0.0,14.0,0.0,0.0,0.0,5.0,67.0,3.0,78.0,13.0,19.0,5.0,7.0,0.0,29.0,6.0,0.0,0.0,2.0,6.0,0.0,3.0,2.0,0.0,2.0,4.0,1.0,0.0,1.0,4.0,0.0,15.0,0.0,0.0,3.0,110.0,0.0,0.0,13.0,39.0,4.0,5.0,0.0,0.0,0.0,0.0,35.0,7.0,19.0,1.0,1.0,0.0,1.0,2.0,2.0,0.0,0.0,1.0,1.0,8.0,0.0,0.0,0.0,174.0,3.0,8.0,167.0,24.0,3.0,0.0,0.0,70.0,31.0,0.0,2.0,5.0,0.0,0.0,0.0,2.0,29.0,2.0,0.0,0.0,2.0,0.0,415.0,161.0,0.0,64.0,6.0,5.0,0.0,3.0,24.0,12.0,1.0,6.0,44.0,1.0,7.0,75.0,63.0,48.0,0.0,7.0,16.0,4.0,3.0,11.0,3.0,3.0,4.0,0.0,188.0,27.0,0.0,1.0,1.0,0.0,3.0,0.0,17.0,0.0,0.0,6.0,219.0,25.0,0.0,1.0,0.0,8.0,3.0,29.0,0.0,0.0,0.0,11.0,76.0,0.0,8.0,1.0,0.0,24.0,1.0,27.0,0.0,0.0,100.0,0.0,0.0,210.0,4.0,0.0,27.0,9.0,0.0,0.0,9.0,0.0,17.0,1.0,4.0,0.0,0.0,0.0,54.0,5.0,2.0,0.0,2.0,0.0,1.0,0.0,0.0,0.0,7.0,0.0,0.0,4.0,19.0,191.0,75.0,2.0,1.0,0.0,1.0,5.0,1.0,50.0,0.0,0.0,7.0,2.0,0.0,0.0,14.0,7.0,39.0,0.0,4.0,1.0,2.0,0.0,0.0,106.0,7.0,2.0,17.0,5.0,0.0,36.0,3.0,2.0,0.0,26.0,0.0,4.0,0.0,6.0,1.0,0.0,0.0,0.0,0.0,7.0,4.0,12.0,44.0,0.0,0.0,1.0,0.0,36.0,6.0,12.0,4.0,9.0,8.0,1.0,0.0,11.0,1.0,5.0,1.0,4.0,0.0,0.0,0.0,1.0,0.0,0.0,0.0,0.0,5.0,4.0,21.0,78.0,0.0,0.0,0.0,0.0,39.0,2.0,3.0,3.0,23.0,1.0,4.0,1.0,0.0,12.0,0.0,13.0,0.0,5.0,1.0,0.0,1.0,10.0,0.0,0.0,4.0,0.0,0.0,0.0,47.0,1.0,7.0,20.0,0.0,4.0,2.0,0.0,1.0,82.0,0.0,1.0,0.0,1.0,7.0,0.0,21.0,39.0,0.0,2.0,0.0,0.0,0.0,1.0,0.0,0.0,0.0,0.0,21.0,0.0,1.0,1.0,8.0,56.0,0.0,24.0,2.0,0.0,16.0,0.0,30.0,0.0,3.0,0.0,2.0,1.0,0.0,0.0,0.0,106.0,2.0,1.0,0.0,0.0,3.0,0.0,12.0,6.0,2.0,0.0,0.0,4.0,1.0,79.0,1.0,7.0,0.0,0.0,2.0,2.0,2.0,1.0,0.0,0.0,0.0,0.0,0.0,0.0,0.0,2.0,13.0,6.0,1.0,2.0,20.0,202.0,1.0,0.0,136.0,17.0,0.0,2.0,1.0,0.0,0.0,4.0,0.0,0.0,0.0,0.0,2.0,0.0,0.0,2.0,4.0,70.0,1.0,4.0,0.0,1.0,1.0,65.0,0.0,1.0,3.0,32.0,58.0,36.0,2.0,0.0,0.0,18.0,0.0,5.0,0.0,326.0,0.0,0.0,5.0,0.0,0.0,49.0,0.0,0.0,0.0,1.0,2.0,0.0,2.0,0.0,4.0,0.0,11.0,0.0,2.0,0.0,1.0,0.0,26.0,0.0,15.0,5.0,26.0,28.0,9.0,1.0,0.0,0.0,2.0,0.0,0.0,300.0,2.0,10.0,6.0,0.0,95.0,5.0,0.0,31.0,0.0,5.0,0.0,0.0,0.0,0.0,1.0,0.0,60.0,0.0,1.0,0.0,0.0,0.0,0.0,0.0,0.0,0.0,0.0,0.0,1.0,0.0,0.0,0.0,0.0,0.0,0.0,43.0,2.0,0.0,22.0,0.0,4.0,0.0,0.0,13.0,10.0,0.0,8.0,8.0,0.0,16.0,13.0,4.0,4.0,79.0
river,23.0,12.0,19.0,14.0,1.0,21.0,36.0,33.0,30.0,368.0,0.0,102.0,102.0,16.0,63.0,13.0,235.0,32.0,5.0,73.0,312.0,25.0,30.0,40.0,8.0,1.0,111.0,14.0,164.0,92.0,8.0,24.0,118.0,47.0,417.0,92.0,1.0,11.0,17.0,147.0,154.0,12.0,7.0,41.0,16.0,114.0,22.0,114.0,18.0,22.0,6.0,61.0,8.0,18.0,143.0,43.0,8.0,16.0,39.0,32.0,20.0,83.0,27.0,42.0,14.0,105.0,2.0,7.0,24.0,323.0,366.0,173.0,56.0,287.0,23.0,17.0,13.0,40.0,38.0,669.0,12.0,258.0,388.0,9.0,45.0,124.0,13.0,0.0,265.0,136.0,18.0,33.0,51.0,19.0,2.0,26.0,441.0,17.0,144.0,52.0,48.0,41.0,14.0,23.0,24.0,11.0,5.0,1.0,23.0,70.0,4.0,18.0,16.0,1.0,13.0,7.0,43.0,11.0,19.0,5.0,33.0,41.0,9.0,0.0,31.0,148.0,36.0,18.0,53.0,114.0,7.0,17.0,1.0,12.0,17.0,0.0,157.0,35.0,4.0,12.0,0.0,7.0,7.0,69.0,167.0,1.0,4.0,27.0,6.0,3.0,0.0,2.0,29.0,522.0,9.0,23.0,612.0,21.0,5.0,83.0,71.0,474.0,123.0,1.0,6.0,8.0,38.0,1.0,5.0,2.0,227.0,29.0,38.0,80.0,4.0,4.0,583.0,79.0,3.0,182.0,85.0,92.0,0.0,34.0,117.0,1.0,14.0,15.0,182.0,89.0,13.0,157.0,64.0,95.0,6.0,31.0,5.0,9.0,37.0,58.0,13.0,9.0,21.0,1.0,288.0,79.0,10.0,73.0,84.0,0.0,3.0,143.0,102.0,17.0,2.0,4.0,137.0,96.0,0.0,3.0,6.0,15.0,7.0,80.0,69.0,10.0,30.0,10.0,23.0,0.0,10.0,16.0,30.0,416.0,262.0,134.0,10.0,35.0,358.0,26.0,98.0,61.0,7.0,9.0,54.0,48.0,21.0,45.0,29.0,11.0,313.0,26.0,37.0,2.0,2.0,13.0,99.0,26.0,41.0,3.0,62.0,2.0,5.0,15.0,39.0,27.0,29.0,25.0,13.0,67.0,72.0,489.0,42.0,47.0,114.0,53.0,16.0,4.0,1.0,212.0,23.0,8.0,12.0,33.0,12.0,12.0,328.0,72.0,487.0,5.0,41.0,7.0,91.0,1.0,10.0,108.0,202.0,3.0,26.0,19.0,35.0,255.0,8.0,11.0,97.0,20.0,9.0,131.0,43.0,29.0,18.0,11.0,63.0,60.0,11.0,79.0,24.0,25.0,167.0,38.0,7.0,21.0,2.0,66.0,69.0,76.0,25.0,41.0,15.0,26.0,0.0,8.0,28.0,62.0,16.0,30.0,0.0,6.0,23.0,62.0,24.0,29.0,9.0,10.0,51.0,81.0,121.0,69.0,1.0,2.0,3.0,0.0,46.0,2.0,71.0,46.0,7.0,161.0,17.0,2.0,8.0,3.0,3.0,138.0,1.0,111.0,42.0,2.0,13.0,93.0,20.0,0.0,16.0,6.0,16.0,10.0,55.0,4.0,42.0,187.0,33.0,83.0,58.0,0.0,41.0,277.0,9.0,4.0,2.0,2.0,196.0,10.0,42.0,265.0,0.0,7.0,1.0,23.0,8.0,2.0,7.0,1.0,7.0,10.0,173.0,1.0,23.0,9.0,175.0,59.0,0.0,17.0,27.0,16.0,7.0,8.0,2.0,0.0,7.0,80.0,50.0,72.0,25.0,3.0,185.0,53.0,77.0,10.0,0.0,16.0,8.0,62.0,35.0,110.0,6.0,0.0,3.0,0.0,1.0,264.0,3.0,25.0,2.0,0.0,13.0,60.0,11.0,19.0,20.0,28.0,21.0,4.0,77.0,20.0,0.0,30.0,28.0,35.0,6.0,20.0,98.0,481.0,7.0,11.0,270.0,91.0,0.0,12.0,0.0,9.0,5.0,38.0,2.0,28.0,9.0,8.0,92.0,7.0,18.0,10.0,37.0,126.0,2.0,148.0,0.0,6.0,12.0,21.0,5.0,2.0,1.0,68.0,26.0,60.0,1.0,9.0,7.0,78.0,3.0,42.0,3.0,409.0,0.0,31.0,11.0,33.0,46.0,69.0,61.0,28.0,1.0,13.0,10.0,4.0,82.0,4.0,108.0,6.0,54.0,6.0,93.0,11.0,1.0,18.0,102.0,2.0,73.0,5.0,17.0,4.0,405.0,56.0,9.0,0.0,22.0,2.0,2.0,397.0,58.0,48.0,36.0,3.0,226.0,22.0,8.0,13.0,4.0,163.0,7.0,9.0,0.0,4.0,8.0,20.0,7.0,11.0,4.0,2.0,2.0,29.0,8.0,2.0,26.0,23.0,0.0,1.0,5.0,0.0,0.0,7.0,9.0,1.0,4.0,377.0,34.0,9.0,292.0,7.0,30.0,2.0,3.0,27.0,41.0,0.0,7.0,259.0,10.0,35.0,31.0,25.0,85.0,180.0
sediment,75.0,90.0,36.0,34.0,120.0,67.0,42.0,92.0,54.0,225.0,14.0,99.0,120.0,18.0,191.0,5.0,173.0,89.0,50.0,217.0,515.0,84.0,97.0,45.0,12.0,2.0,239.0,61.0,475.0,418.0,23.0,128.0,430.0,175.0,538.0,100.0,20.0,42.0,19.0,361.0,410.0,65.0,36.0,72.0,20.0,81.0,54.0,256.0,126.0,158.0,4.0,37.0,15.0,47.0,683.0,111.0,27.0,196.0,291.0,60.0,158.0,43.0,290.0,110.0,28.0,89.0,30.0,29.0,153.0,377.0,244.0,113.0,341.0,611.0,38.0,24.0,40.0,129.0,61.0,734.0,45.0,396.0,528.0,62.0,111.0,95.0,38.0,2.0,554.0,167.0,39.0,76.0,143.0,15.0,11.0,76.0,490.0,21.0,91.0,72.0,45.0,90.0,52.0,120.0,164.0,22.0,3.0,9.0,157.0,145.0,27.0,20.0,37.0,16.0,52.0,53.0,110.0,14.0,70.0,7.0,166.0,47.0,171.0,2.0,189.0,212.0,316.0,23.0,45.0,297.0,39.0,96.0,2.0,26.0,24.0,1.0,417.0,145.0,37.0,27.0,2.0,31.0,64.0,104.0,163.0,84.0,8.0,118.0,17.0,10.0,0.0,19.0,106.0,636.0,7.0,110.0,922.0,39.0,16.0,23.0,73.0,493.0,157.0,5.0,9.0,50.0,222.0,4.0,16.0,18.0,414.0,186.0,153.0,522.0,63.0,0.0,923.0,212.0,17.0,335.0,99.0,115.0,48.0,297.0,248.0,8.0,12.0,147.0,279.0,499.0,108.0,173.0,118.0,101.0,6.0,223.0,5.0,21.0,131.0,299.0,122.0,21.0,59.0,11.0,413.0,228.0,48.0,53.0,118.0,2.0,6.0,308.0,78.0,138.0,14.0,7.0,196.0,111.0,4.0,7.0,67.0,66.0,22.0,70.0,571.0,4.0,35.0,97.0,25.0,1.0,15.0,106.0,18.0,459.0,1188.0,225.0,38.0,279.0,362.0,261.0,884.0,167.0,7.0,17.0,80.0,495.0,24.0,125.0,27.0,20.0,343.0,66.0,80.0,6.0,37.0,7.0,278.0,112.0,131.0,13.0,115.0,29.0,8.0,37.0,192.0,88.0,52.0,55.0,77.0,42.0,331.0,626.0,54.0,49.0,52.0,101.0,105.0,28.0,12.0,857.0,209.0,1.0,22.0,52.0,80.0,117.0,332.0,85.0,708.0,164.0,87.0,16.0,36.0,1.0,5.0,161.0,243.0,91.0,13.0,47.0,301.0,148.0,117.0,21.0,89.0,65.0,5.0,684.0,80.0,43.0,18.0,40.0,189.0,362.0,48.0,74.0,14.0,64.0,275.0,176.0,79.0,26.0,33.0,82.0,80.0,345.0,58.0,57.0,249.0,49.0,0.0,14.0,88.0,167.0,3.0,88.0,9.0,93.0,105.0,37.0,141.0,225.0,5.0,0.0,154.0,409.0,438.0,151.0,19.0,6.0,98.0,4.0,85.0,15.0,167.0,85.0,11.0,1288.0,217.0,31.0,88.0,26.0,23.0,240.0,5.0,70.0,38.0,38.0,26.0,159.0,212.0,8.0,46.0,25.0,23.0,130.0,44.0,12.0,98.0,306.0,112.0,217.0,138.0,26.0,55.0,253.0,6.0,26.0,20.0,11.0,217.0,5.0,326.0,571.0,1.0,12.0,3.0,46.0,1.0,9.0,86.0,4.0,26.0,37.0,102.0,5.0,398.0,23.0,318.0,38.0,7.0,99.0,127.0,22.0,34.0,35.0,10.0,0.0,91.0,169.0,196.0,228.0,116.0,49.0,851.0,62.0,65.0,13.0,5.0,42.0,11.0,100.0,38.0,176.0,11.0,8.0,181.0,16.0,2.0,444.0,48.0,75.0,1.0,1.0,5.0,84.0,26.0,141.0,54.0,169.0,0.0,106.0,599.0,115.0,3.0,68.0,48.0,83.0,11.0,28.0,615.0,608.0,8.0,0.0,658.0,304.0,205.0,88.0,1.0,30.0,59.0,38.0,31.0,98.0,18.0,31.0,159.0,32.0,55.0,39.0,124.0,123.0,28.0,1113.0,32.0,3.0,44.0,26.0,33.0,7.0,46.0,44.0,99.0,84.0,11.0,25.0,84.0,116.0,7.0,195.0,11.0,518.0,15.0,68.0,20.0,386.0,65.0,149.0,349.0,52.0,2.0,333.0,88.0,2.0,362.0,15.0,375.0,25.0,70.0,30.0,617.0,3.0,1.0,146.0,197.0,12.0,160.0,78.0,118.0,32.0,628.0,178.0,37.0,2.0,27.0,11.0,1.0,764.0,75.0,142.0,131.0,41.0,547.0,61.0,14.0,4.0,8.0,356.0,10.0,36.0,0.0,29.0,24.0,40.0,15.0,77.0,19.0,4.0,16.0,82.0,10.0,31.0,19.0,11.0,8.0,2.0,25.0,3.0,0.0,0.0,0.0,0.0,125.0,622.0,44.0,29.0,220.0,4.0,42.0,13.0,13.0,36.0,103.0,49.0,3.0,408.0,48.0,45.0,11.0,70.0,67.0,192.0
shrub,0.0,0.0,0.0,0.0,0.0,2.0,1.0,3.0,0.0,7.0,0.0,2.0,56.0,0.0,0.0,0.0,18.0,0.0,9.0,3.0,11.0,0.0,0.0,1.0,3.0,0.0,3.0,0.0,0.0,0.0,0.0,0.0,5.0,0.0,13.0,4.0,1.0,0.0,0.0,13.0,2.0,0.0,0.0,0.0,0.0,0.0,5.0,1.0,0.0,0.0,0.0,1.0,0.0,0.0,0.0,0.0,9.0,1.0,0.0,0.0,0.0,2.0,0.0,0.0,0.0,0.0,0.0,0.0,0.0,17.0,142.0,1.0,20.0,47.0,3.0,0.0,0.0,9.0,2.0,12.0,1.0,8.0,82.0,0.0,0.0,4.0,0.0,0.0,81.0,6.0,0.0,0.0,4.0,0.0,0.0,3.0,69.0,0.0,8.0,4.0,0.0,0.0,0.0,1.0,0.0,3.0,1.0,0.0,0.0,3.0,0.0,1.0,5.0,0.0,14.0,0.0,0.0,0.0,0.0,0.0,1.0,0.0,0.0,0.0,0.0,98.0,0.0,0.0,0.0,19.0,0.0,0.0,0.0,0.0,1.0,0.0,61.0,0.0,2.0,0.0,0.0,0.0,0.0,4.0,5.0,0.0,0.0,0.0,0.0,0.0,0.0,1.0,0.0,65.0,3.0,2.0,56.0,0.0,0.0,2.0,0.0,230.0,18.0,0.0,0.0,3.0,0.0,0.0,0.0,0.0,33.0,0.0,0.0,0.0,0.0,0.0,789.0,94.0,0.0,51.0,0.0,4.0,0.0,5.0,4.0,0.0,1.0,0.0,44.0,0.0,1.0,18.0,39.0,2.0,0.0,2.0,0.0,0.0,0.0,10.0,0.0,1.0,0.0,0.0,18.0,7.0,0.0,0.0,2.0,0.0,0.0,0.0,5.0,0.0,0.0,0.0,103.0,3.0,0.0,0.0,0.0,1.0,0.0,2.0,1.0,1.0,1.0,0.0,0.0,1.0,0.0,0.0,0.0,9.0,1.0,26.0,0.0,0.0,99.0,0.0,0.0,5.0,0.0,114.0,6.0,0.0,0.0,0.0,1.0,0.0,6.0,4.0,2.0,0.0,0.0,0.0,4.0,0.0,0.0,0.0,0.0,0.0,0.0,0.0,0.0,0.0,0.0,0.0,0.0,0.0,1.0,230.0,0.0,1.0,204.0,0.0,0.0,0.0,0.0,5.0,0.0,0.0,1.0,0.0,1.0,0.0,1.0,0.0,10.0,0.0,0.0,1.0,0.0,0.0,0.0,105.0,7.0,0.0,1.0,0.0,0.0,12.0,0.0,0.0,4.0,1.0,4.0,0.0,4.0,1.0,12.0,0.0,0.0,0.0,0.0,0.0,0.0,0.0,1.0,0.0,0.0,0.0,0.0,15.0,3.0,0.0,0.0,4.0,0.0,0.0,0.0,0.0,0.0,0.0,0.0,0.0,0.0,0.0,0.0,7.0,0.0,0.0,0.0,0.0,0.0,0.0,6.0,6.0,0.0,0.0,0.0,0.0,1.0,0.0,16.0,10.0,0.0,0.0,1.0,0.0,0.0,0.0,0.0,3.0,0.0,0.0,2.0,0.0,0.0,5.0,0.0,0.0,0.0,0.0,0.0,0.0,8.0,1.0,0.0,4.0,0.0,1.0,0.0,0.0,1.0,243.0,0.0,0.0,0.0,0.0,2.0,0.0,0.0,9.0,0.0,0.0,0.0,0.0,0.0,0.0,0.0,0.0,0.0,0.0,2.0,0.0,0.0,0.0,2.0,1.0,2.0,9.0,0.0,0.0,0.0,0.0,0.0,0.0,0.0,1.0,0.0,0.0,0.0,0.0,0.0,257.0,2.0,1.0,0.0,0.0,1.0,0.0,0.0,0.0,1.0,0.0,0.0,0.0,0.0,45.0,0.0,0.0,0.0,0.0,1.0,2.0,0.0,10.0,0.0,0.0,0.0,0.0,0.0,0.0,0.0,12.0,13.0,13.0,0.0,11.0,0.0,340.0,0.0,0.0,49.0,12.0,0.0,0.0,0.0,0.0,0.0,17.0,0.0,9.0,0.0,0.0,0.0,0.0,0.0,0.0,0.0,173.0,0.0,0.0,0.0,0.0,0.0,1.0,0.0,0.0,0.0,3.0,0.0,6.0,0.0,0.0,0.0,24.0,0.0,9.0,0.0,138.0,0.0,0.0,12.0,0.0,0.0,21.0,0.0,0.0,0.0,10.0,0.0,1.0,3.0,0.0,3.0,0.0,0.0,0.0,0.0,0.0,0.0,0.0,36.0,0.0,0.0,0.0,0.0,0.0,20.0,0.0,1.0,0.0,0.0,0.0,0.0,869.0,1.0,8.0,0.0,0.0,181.0,0.0,3.0,2.0,0.0,6.0,0.0,0.0,0.0,0.0,3.0,0.0,0.0,2.0,0.0,0.0,0.0,0.0,0.0,0.0,0.0,0.0,0.0,0.0,0.0,0.0,0.0,0.0,0.0,0.0,0.0,21.0,0.0,0.0,7.0,0.0,0.0,0.0,0.0,4.0,14.0,0.0,0.0,10.0,0.0,9.0,7.0,3.0,3.0,76.0
tundra,0.0,15.0,0.0,1.0,0.0,1.0,6.0,1.0,0.0,224.0,0.0,104.0,44.0,1.0,3.0,0.0,361.0,0.0,0.0,3.0,49.0,11.0,1.0,3.0,2.0,0.0,33.0,0.0,0.0,18.0,0.0,0.0,2.0,3.0,143.0,9.0,0.0,4.0,1.0,33.0,136.0,3.0,0.0,4.0,3.0,99.0,10.0,5.0,0.0,0.0,1.0,5.0,0.0,0.0,4.0,1.0,0.0,0.0,10.0,2.0,0.0,96.0,0.0,3.0,14.0,127.0,0.0,0.0,0.0,92.0,319.0,137.0,18.0,17.0,1.0,0.0,3.0,13.0,35.0,497.0,0.0,37.0,431.0,0.0,10.0,46.0,4.0,0.0,51.0,7.0,0.0,0.0,0.0,2.0,0.0,1.0,218.0,0.0,22.0,0.0,12.0,0.0,2.0,0.0,2.0,1.0,0.0,0.0,0.0,7.0,0.0,4.0,2.0,7.0,4.0,1.0,2.0,0.0,4.0,0.0,0.0,0.0,0.0,0.0,0.0,24.0,0.0,0.0,0.0,4.0,2.0,0.0,0.0,16.0,0.0,0.0,119.0,2.0,6.0,0.0,0.0,0.0,1.0,2.0,31.0,0.0,0.0,0.0,2.0,4.0,0.0,0.0,0.0,255.0,0.0,11.0,277.0,32.0,0.0,53.0,0.0,328.0,53.0,0.0,1.0,0.0,0.0,0.0,0.0,0.0,18.0,0.0,0.0,2.0,0.0,0.0,277.0,22.0,1.0,8.0,45.0,8.0,0.0,1.0,24.0,0.0,1.0,2.0,44.0,1.0,10.0,114.0,22.0,18.0,0.0,1.0,1.0,0.0,4.0,0.0,2.0,2.0,3.0,0.0,172.0,15.0,0.0,0.0,0.0,0.0,2.0,1.0,19.0,0.0,0.0,0.0,18.0,0.0,0.0,1.0,0.0,12.0,0.0,21.0,0.0,1.0,10.0,0.0,2.0,0.0,0.0,0.0,67.0,220.0,9.0,32.0,0.0,0.0,123.0,0.0,8.0,24.0,0.0,0.0,20.0,2.0,0.0,10.0,2.0,5.0,93.0,0.0,4.0,1.0,0.0,0.0,25.0,2.0,0.0,0.0,2.0,0.0,0.0,0.0,0.0,9.0,0.0,0.0,0.0,1.0,1.0,410.0,0.0,0.0,12.0,2.0,0.0,0.0,0.0,17.0,0.0,0.0,0.0,1.0,0.0,0.0,109.0,0.0,139.0,0.0,46.0,0.0,57.0,0.0,1.0,40.0,7.0,0.0,0.0,13.0,0.0,64.0,0.0,1.0,65.0,4.0,3.0,1.0,0.0,4.0,0.0,1.0,3.0,1.0,0.0,10.0,19.0,0.0,38.0,0.0,0.0,0.0,0.0,20.0,8.0,0.0,0.0,1.0,0.0,2.0,0.0,0.0,0.0,1.0,0.0,1.0,0.0,0.0,0.0,52.0,0.0,0.0,0.0,0.0,40.0,0.0,47.0,16.0,0.0,0.0,20.0,0.0,40.0,0.0,8.0,0.0,0.0,9.0,6.0,0.0,0.0,2.0,0.0,219.0,0.0,10.0,1.0,0.0,0.0,2.0,1.0,0.0,0.0,0.0,0.0,0.0,18.0,0.0,0.0,1.0,0.0,8.0,0.0,0.0,3.0,220.0,2.0,0.0,0.0,1.0,31.0,7.0,1.0,78.0,0.0,3.0,0.0,0.0,1.0,0.0,0.0,0.0,11.0,2.0,34.0,0.0,0.0,0.0,69.0,14.0,0.0,2.0,0.0,0.0,1.0,0.0,0.0,0.0,0.0,6.0,0.0,0.0,0.0,0.0,0.0,42.0,1.0,0.0,0.0,1.0,3.0,3.0,5.0,112.0,0.0,0.0,0.0,0.0,0.0,137.0,0.0,0.0,0.0,0.0,0.0,9.0,0.0,1.0,0.0,0.0,0.0,0.0,0.0,0.0,0.0,3.0,9.0,7.0,0.0,1.0,10.0,383.0,0.0,0.0,224.0,16.0,1.0,8.0,0.0,0.0,0.0,2.0,0.0,3.0,0.0,0.0,7.0,0.0,0.0,0.0,19.0,55.0,0.0,0.0,0.0,0.0,0.0,20.0,0.0,0.0,0.0,35.0,11.0,7.0,0.0,0.0,0.0,0.0,1.0,4.0,0.0,309.0,0.0,0.0,0.0,0.0,0.0,1.0,0.0,0.0,0.0,3.0,0.0,0.0,3.0,0.0,16.0,1.0,4.0,0.0,2.0,1.0,0.0,0.0,11.0,0.0,3.0,1.0,4.0,0.0,239.0,0.0,0.0,0.0,1.0,0.0,1.0,167.0,3.0,9.0,5.0,0.0,26.0,4.0,0.0,3.0,0.0,29.0,0.0,0.0,0.0,0.0,0.0,0.0,0.0,0.0,0.0,0.0,0.0,1.0,0.0,0.0,0.0,0.0,0.0,0.0,0.0,0.0,0.0,0.0,0.0,0.0,0.0,59.0,0.0,0.0,104.0,0.0,1.0,0.0,0.0,0.0,2.0,0.0,0.0,113.0,0.0,18.0,15.0,3.0,76.0,44.0
waste,1.0,2.0,17.0,1.0,1.0,22.0,5.0,3.0,9.0,62.0,0.0,32.0,28.0,1.0,13.0,0.0,60.0,0.0,1.0,50.0,21.0,7.0,10.0,7.0,6.0,0.0,36.0,1.0,2.0,41.0,0.0,13.0,6.0,4.0,84.0,53.0,2.0,3.0,7.0,70.0,62.0,50.0,1.0,2.0,13.0,11.0,28.0,3.0,1.0,0.0,1.0,0.0,1.0,1.0,19.0,1.0,1.0,1.0,1.0,8.0,1.0,32.0,2.0,18.0,3.0,13.0,1.0,3.0,0.0,86.0,228.0,1.0,10.0,270.0,3.0,3.0,0.0,6.0,13.0,17.0,5.0,88.0,276.0,2.0,2.0,63.0,4.0,0.0,277.0,14.0,3.0,0.0,9.0,0.0,0.0,13.0,251.0,11.0,16.0,20.0,1.0,24.0,1.0,4.0,32.0,1.0,11.0,0.0,1.0,52.0,0.0,76.0,6.0,1.0,23.0,1.0,2.0,0.0,7.0,0.0,0.0,4.0,0.0,0.0,3.0,26.0,2.0,0.0,25.0,105.0,2.0,13.0,0.0,20.0,5.0,0.0,167.0,0.0,14.0,1.0,0.0,3.0,1.0,15.0,61.0,1.0,0.0,0.0,7.0,1.0,0.0,1.0,5.0,290.0,0.0,29.0,339.0,5.0,1.0,23.0,1.0,193.0,89.0,27.0,15.0,5.0,0.0,1.0,0.0,1.0,55.0,6.0,0.0,1.0,1.0,0.0,403.0,106.0,0.0,238.0,6.0,33.0,0.0,58.0,54.0,1.0,2.0,8.0,108.0,3.0,7.0,41.0,49.0,23.0,1.0,8.0,11.0,0.0,5.0,7.0,3.0,21.0,1.0,7.0,66.0,50.0,0.0,0.0,42.0,0.0,1.0,1.0,10.0,2.0,0.0,5.0,259.0,35.0,0.0,2.0,0.0,0.0,0.0,23.0,17.0,5.0,1.0,1.0,0.0,0.0,2.0,4.0,2.0,90.0,4.0,54.0,4.0,3.0,279.0,2.0,1.0,19.0,2.0,14.0,82.0,12.0,15.0,24.0,7.0,14.0,43.0,25.0,18.0,0.0,0.0,1.0,214.0,6.0,0.0,0.0,2.0,0.0,1.0,0.0,1.0,2.0,12.0,0.0,1.0,2.0,9.0,352.0,32.0,5.0,7.0,3.0,2.0,1.0,1.0,126.0,0.0,0.0,13.0,65.0,8.0,0.0,15.0,16.0,64.0,0.0,6.0,0.0,22.0,0.0,0.0,112.0,23.0,0.0,1.0,0.0,5.0,18.0,0.0,6.0,7.0,71.0,17.0,35.0,26.0,1.0,20.0,21.0,8.0,3.0,3.0,3.0,4.0,2.0,78.0,2.0,0.0,6.0,15.0,35.0,31.0,35.0,34.0,11.0,7.0,1.0,1.0,0.0,0.0,9.0,2.0,29.0,1.0,1.0,5.0,13.0,8.0,1.0,17.0,0.0,30.0,3.0,76.0,28.0,0.0,0.0,3.0,1.0,24.0,1.0,75.0,60.0,6.0,3.0,1.0,0.0,0.0,0.0,0.0,8.0,0.0,33.0,26.0,0.0,8.0,9.0,3.0,0.0,0.0,2.0,3.0,2.0,17.0,12.0,2.0,30.0,0.0,32.0,23.0,0.0,11.0,220.0,0.0,1.0,1.0,5.0,16.0,3.0,14.0,49.0,0.0,10.0,0.0,0.0,0.0,0.0,0.0,0.0,2.0,10.0,17.0,0.0,9.0,0.0,35.0,6.0,1.0,4.0,1.0,8.0,39.0,1.0,0.0,0.0,2.0,9.0,0.0,0.0,0.0,0.0,4.0,73.0,9.0,12.0,2.0,2.0,2.0,1.0,2.0,1.0,5.0,0.0,1.0,1.0,0.0,297.0,5.0,0.0,0.0,0.0,1.0,5.0,4.0,8.0,1.0,0.0,0.0,0.0,6.0,1.0,0.0,75.0,28.0,86.0,4.0,65.0,5.0,262.0,9.0,0.0,358.0,47.0,8.0,2.0,0.0,0.0,2.0,27.0,0.0,4.0,0.0,0.0,35.0,0.0,0.0,1.0,2.0,139.0,0.0,7.0,0.0,5.0,0.0,11.0,0.0,0.0,1.0,3.0,0.0,13.0,8.0,0.0,0.0,19.0,1.0,82.0,15.0,140.0,0.0,0.0,17.0,3.0,0.0,57.0,1.0,0.0,0.0,17.0,3.0,0.0,7.0,0.0,11.0,4.0,2.0,0.0,6.0,0.0,0.0,7.0,162.0,5.0,7.0,0.0,22.0,0.0,42.0,0.0,0.0,0.0,14.0,21.0,0.0,610.0,8.0,92.0,22.0,3.0,137.0,2.0,12.0,0.0,0.0,72.0,5.0,1.0,0.0,0.0,11.0,1.0,2.0,6.0,1.0,0.0,2.0,31.0,0.0,1.0,0.0,0.0,1.0,0.0,1.0,0.0,0.0,1.0,0.0,3.0,0.0,93.0,13.0,0.0,49.0,0.0,0.0,0.0,0.0,19.0,61.0,2.0,2.0,12.0,1.0,62.0,60.0,4.0,6.0,125.0
