,env,sample,deterministic processes,stochastic processes
1799,ice,99,3.7426663969249403,96.25733360307505
1726,ice,26,4.7175541607612805,95.28244583923872
1727,ice,27,4.795629299878589,95.20437070012142
1728,ice,28,3.92394822006472,96.07605177993528
1729,ice,29,3.4217452925693395,96.57825470743066
1730,ice,30,3.50273334683134,96.49726665316867
1731,ice,31,3.98785425101214,96.01214574898786
1732,ice,32,3.4636418877861,96.5363581122139
1733,ice,33,4.55465587044534,95.44534412955466
1734,ice,34,3.2375556454876495,96.76244435451235
1722,ice,22,3.7636584378794,96.2363415621206
1736,ice,36,4.43230115361262,95.56769884638737
1737,ice,37,4.02834008097165,95.97165991902835
1738,ice,38,3.7254504960518293,96.27454950394817
1739,ice,39,3.74645605508303,96.25354394491697
1740,ice,40,4.12788344799676,95.87211655200323
1741,ice,41,3.17878112978335,96.82121887021665
1742,ice,42,3.8866396761133597,96.11336032388664
1743,ice,43,3.5815459328207195,96.41845406717928
1744,ice,44,4.10931174089068,95.89068825910933
1745,ice,45,4.69635627530364,95.30364372469636
1746,ice,46,4.6742209631728,95.3257790368272
1747,ice,47,4.25015179113539,95.7498482088646
1723,ice,23,3.9692183070068796,96.03078169299312
1724,ice,24,3.5808213635444,96.4191786364556
1721,ice,21,3.7434237150950995,96.2565762849049
1706,ice,6,3.4405990690143695,96.55940093098563
1720,ice,20,4.53257790368272,95.46742209631728
1798,ice,98,4.5721221930002,95.4278778069998
1700,ice,0,3.88506677458518,96.11493322541482
1701,ice,1,3.34075723830735,96.65924276169265
1702,ice,2,3.8469325774448198,96.15306742255518
1703,ice,3,3.8235889136152097,96.17641108638479
1704,ice,4,4.22649140546006,95.77350859453993
1705,ice,5,4.18858761634965,95.81141238365035
1707,ice,7,3.1990281433488494,96.80097185665115
1748,ice,48,3.8866396761133597,96.11336032388664
1719,ice,19,3.3400809716599102,96.65991902834008
1710,ice,10,4.13206400648166,95.86793599351834
1711,ice,11,4.00566457616831,95.99433542383169
1712,ice,12,4.25101214574898,95.74898785425103
1713,ice,13,3.9076736181413194,96.09232638185868
1714,ice,14,4.49029126213592,95.50970873786407
1715,ice,15,3.7029542695264994,96.2970457304735
1716,ice,16,3.6624848239579095,96.33751517604209
1717,ice,17,3.3980582524271803,96.60194174757282
1718,ice,18,3.1585341162178504,96.84146588378215
1708,ice,8,3.86796273795058,96.13203726204942
1709,ice,9,4.3531079165823,95.6468920834177
1725,ice,25,3.1180400890868496,96.88195991091315
1774,ice,74,3.68048533872598,96.31951466127401
1786,ice,86,3.68421052631578,96.31578947368422
1777,ice,77,4.814889743071,95.185110256929
1778,ice,78,4.110143753796311,95.88985624620369
1779,ice,79,3.7022051385798,96.2977948614202
1780,ice,80,4.37070012140833,95.62929987859167
1781,ice,81,4.795629299878589,95.20437070012142
1782,ice,82,2.89649584768077,97.10350415231923
1783,ice,83,3.2793522267206403,96.72064777327935
1784,ice,84,3.1174089068825896,96.88259109311741
1785,ice,85,3.17813765182186,96.82186234817814
1749,ice,49,3.6212826218895398,96.37871737811047
1787,ice,87,3.6025096134385706,96.39749038656143
1788,ice,88,3.9045114303054804,96.09548856969452
1789,ice,89,4.0898967402308095,95.91010325976919
1790,ice,90,3.47966821768156,96.52033178231844
1791,ice,91,3.86796273795058,96.13203726204942
1792,ice,92,3.1585341162178504,96.84146588378215
1793,ice,93,4.20797086789399,95.79202913210601
1794,ice,94,3.7854251012145697,96.21457489878543
1795,ice,95,3.6459388292485304,96.35406117075146
1796,ice,96,4.77926285945727,95.22073714054272
1750,ice,50,3.36032388663967,96.63967611336032
1776,ice,76,3.64298724954462,96.35701275045538
1797,ice,97,4.33198380566801,95.66801619433198
1775,ice,75,3.33940497874924,96.66059502125076
1761,ice,61,2.99716484406642,97.00283515593358
1773,ice,73,3.8866396761133597,96.11336032388664
1752,ice,52,3.98866167240332,96.01133832759668
1753,ice,53,3.8469325774448198,96.15306742255518
1754,ice,54,3.74190938511326,96.25809061488674
1755,ice,55,4.6328140805179,95.3671859194821
1756,ice,56,4.332860903016799,95.6671390969832
1757,ice,57,3.4831915755366496,96.51680842446335
1759,ice,59,3.84381954278778,96.15618045721222
1760,ice,60,4.37246963562753,95.62753036437248
1751,ice,51,3.9053014973694804,96.09469850263052
1762,ice,62,3.9060918842339603,96.09390811576604
1758,ice,58,4.18689320388349,95.81310679611651
1765,ice,65,4.65775617658971,95.34224382341029
1766,ice,66,3.70595382746051,96.2940461725395
1767,ice,67,4.14727898037629,95.85272101962371
1772,ice,72,3.94577094293808,96.05422905706192
1768,ice,68,3.7869582827055397,96.21304171729446
1769,ice,69,3.5627530364372397,96.43724696356276
1770,ice,70,4.83707751467314,95.16292248532686
1771,ice,71,3.60105199271697,96.39894800728302
1763,ice,63,3.21797207043108,96.78202792956893
1735,ice,35,3.9068825910931104,96.09311740890689
1764,ice,64,3.4008097165991904,96.59919028340082
1627,marine,27,6.41310944770382,93.58689055229618
1628,marine,28,7.1356377602587395,92.86436223974125
1629,marine,29,8.63047001620745,91.36952998379255
1634,marine,34,9.17357041826631,90.82642958173369
1626,marine,26,6.19558615104272,93.80441384895728
1632,marine,32,12.20448575469791,87.79551424530209
1633,marine,33,9.438156831042841,90.56184316895715
1635,marine,35,9.74919093851132,90.25080906148868
1630,marine,30,6.81772203115516,93.18227796884484
1625,marine,25,7.67987065481002,92.32012934518998
1646,marine,46,7.09651257096512,92.90348742903488
1636,marine,36,7.563195146612739,92.43680485338726
1637,marine,37,6.27403359643796,93.72596640356204
1638,marine,38,6.169093851132681,93.83090614886731
1639,marine,39,5.803842264914049,94.19615773508595
1641,marine,41,7.38716858935438,92.61283141064563
1642,marine,42,5.71660247314007,94.28339752685993
1643,marine,43,11.857547551598541,88.14245244840146
1644,marine,44,10.09304207119741,89.9069579288026
1645,marine,45,6.92868719611021,93.0713128038898
1648,marine,48,5.44534412955465,94.55465587044534
1647,marine,47,7.155852031534261,92.84414796846573
1624,marine,24,5.883542256368781,94.11645774363122
1611,marine,11,9.80352440753494,90.19647559246506
1613,marine,13,6.614077669902909,93.38592233009709
1640,marine,40,4.991915925626509,95.00808407437349
1607,marine,7,7.49949464321811,92.50050535678189
1622,marine,22,6.07533414337788,93.92466585662211
1649,marine,49,8.86280857952246,91.13719142047754
1601,marine,1,7.00404858299595,92.99595141700405
1602,marine,2,9.58543983822042,90.41456016177958
1603,marine,3,8.97695107157298,91.02304892842702
1604,marine,4,9.65782547074306,90.34217452925694
1605,marine,5,7.13708046906591,92.8629195309341
1606,marine,6,7.49646393210749,92.50353606789251
1631,marine,31,9.36678130689864,90.63321869310136
1608,marine,8,10.29114435907804,89.70885564092197
1610,marine,10,7.51012145748987,92.48987854251013
1612,marine,12,5.319579288025889,94.68042071197411
1614,marine,14,8.89967637540453,91.10032362459548
1615,marine,15,6.48878107944208,93.51121892055792
1616,marine,16,7.12256493506493,92.87743506493507
1617,marine,17,6.67340748230535,93.32659251769465
1618,marine,18,9.024686361796839,90.97531363820316
1619,marine,19,9.33521923620933,90.66478076379067
1620,marine,20,6.67610762694719,93.32389237305281
1609,marine,9,4.89086499595796,95.10913500404205
1621,marine,21,12.553062462098241,87.44693753790176
1600,marine,0,7.3377804730139395,92.66221952698606
1623,marine,23,8.574317492416581,91.42568250758342
1688,marine,88,6.79199514857489,93.20800485142512
1686,marine,86,6.75293166194904,93.24706833805097
1677,marine,77,9.451528030762999,90.548471969237
1678,marine,78,6.3928788185312495,93.60712118146876
1679,marine,79,6.2512644143232805,93.74873558567671
1680,marine,80,5.54543614652904,94.45456385347096
1681,marine,81,7.27419680743584,92.72580319256416
1682,marine,82,9.68263594097432,90.31736405902568
1684,marine,84,5.96321002627855,94.03678997372145
1685,marine,85,4.85279187817258,95.14720812182742
1687,marine,87,6.33090614886731,93.66909385113269
1676,marine,76,7.903780068728521,92.09621993127148
1689,marine,89,6.56401944894651,93.43598055105349
1690,marine,90,7.984637153830601,92.0153628461694
1675,marine,75,5.84310553983016,94.15689446016984
1698,marine,98,9.122168284789641,90.87783171521036
1697,marine,97,6.33731524600121,93.66268475399879
1696,marine,96,7.219413549039429,92.78058645096057
1695,marine,95,7.6067165688852905,92.39328343111471
1651,marine,51,5.80971659919028,94.19028340080972
1693,marine,93,8.813422276126941,91.18657772387306
1692,marine,92,10.06467259498787,89.93532740501213
1691,marine,91,4.37070012140833,95.62929987859167
1683,marine,83,9.48049322821912,90.51950677178088
1660,marine,60,4.99797652772157,95.00202347227842
1694,marine,94,4.7290440430282095,95.27095595697179
1699,marine,99,6.45096056622851,93.5490394337715
1674,marine,74,9.67807248430856,90.32192751569144
1652,marine,52,6.511627906976739,93.48837209302326
1673,marine,73,7.09651257096512,92.90348742903488
1653,marine,53,9.30797248077701,90.69202751922299
1654,marine,54,7.72192946899067,92.27807053100933
1655,marine,55,8.634984833164811,91.36501516683519
1656,marine,56,5.34521158129175,94.65478841870825
1658,marine,58,8.205335489086501,91.79466451091349
1659,marine,59,6.504559270516711,93.49544072948329
1650,marine,50,9.04309124013756,90.95690875986244
1662,marine,62,8.10592278148372,91.89407721851629
1657,marine,57,9.33387325369508,90.66612674630493
1663,marine,63,6.79199514857489,93.20800485142512
1672,marine,72,9.03760614638091,90.96239385361909
1665,marine,65,10.028305701577029,89.97169429842297
1664,marine,64,7.40590853905301,92.59409146094698
1666,marine,66,10.420882233913389,89.57911776608661
1667,marine,67,7.9474216380181995,92.0525783619818
1668,marine,68,7.3076923076922995,92.69230769230771
1669,marine,69,7.2440307567786295,92.75596924322137
1670,marine,70,8.68415700630465,91.31584299369536
1671,marine,71,8.04365400161681,91.95634599838318
1661,marine,61,9.72644376899696,90.27355623100304
966,groundwater,66,9.17171717171717,90.82828282828282
974,groundwater,74,8.24242424242424,91.75757575757576
973,groundwater,73,10.04243281471004,89.95756718528996
968,groundwater,68,8.5050505050505,91.4949494949495
975,groundwater,75,5.67676767676767,94.32323232323233
970,groundwater,70,7.41563952313598,92.58436047686402
969,groundwater,69,8.48827809215844,91.51172190784156
967,groundwater,67,6.424242424242419,93.57575757575758
972,groundwater,72,7.23378460295009,92.7662153970499
971,groundwater,71,8.56565656565656,91.43434343434345
954,groundwater,54,6.202020202020201,93.79797979797979
964,groundwater,64,9.85858585858585,90.14141414141415
962,groundwater,62,7.55555555555555,92.44444444444446
960,groundwater,60,5.19191919191919,94.8080808080808
959,groundwater,59,10.48696706405334,89.51303293594665
958,groundwater,58,6.36492220650636,93.63507779349364
957,groundwater,57,8.383838383838379,91.61616161616162
956,groundwater,56,7.050505050505049,92.94949494949495
955,groundwater,55,5.09193776520509,94.90806223479491
976,groundwater,76,8.46806790622473,91.53193209377527
928,groundwater,28,8.74747474747474,91.25252525252526
961,groundwater,61,6.809456455849661,93.19054354415034
999,groundwater,99,8.68686868686868,91.31313131313132
986,groundwater,86,9.575757575757569,90.42424242424244
978,groundwater,78,8.5050505050505,91.4949494949495
965,groundwater,65,7.33481511416447,92.66518488583553
991,groundwater,91,8.58585858585858,91.41414141414143
992,groundwater,92,8.383838383838379,91.61616161616162
993,groundwater,93,8.890684986866031,91.10931501313397
998,groundwater,98,8.383838383838379,91.61616161616162
995,groundwater,95,7.3131313131313105,92.68686868686869
996,groundwater,96,7.63636363636363,92.36363636363637
997,groundwater,97,8.06386418755052,91.93613581244948
990,groundwater,90,9.17171717171717,90.82828282828282
994,groundwater,94,7.81818181818181,92.18181818181819
963,groundwater,63,7.69852495453627,92.30147504546373
989,groundwater,89,9.39583754293796,90.60416245706205
987,groundwater,87,8.6482117599515,91.3517882400485
985,groundwater,85,8.30470802182259,91.69529197817741
984,groundwater,84,6.787878787878779,93.21212121212122
983,groundwater,83,10.408245755860952,89.59175424413905
982,groundwater,82,8.3030303030303,91.6969696969697
981,groundwater,81,5.90018185492018,94.09981814507982
980,groundwater,80,9.09458367016976,90.90541632983025
979,groundwater,79,9.94140230349565,90.05859769650435
952,groundwater,52,7.902182700080839,92.09781729991916
988,groundwater,88,7.90058597696504,92.09941402303497
953,groundwater,53,5.83838383838383,94.16161616161617
951,groundwater,51,5.13131313131313,94.86868686868686
977,groundwater,77,9.17171717171717,90.82828282828282
923,groundwater,23,8.36532632855122,91.63467367144878
927,groundwater,27,8.36532632855122,91.63467367144878
922,groundwater,22,5.9405940594059405,94.05940594059406
921,groundwater,21,6.46464646464646,93.53535353535354
920,groundwater,20,9.13315821378056,90.86684178621944
919,groundwater,19,6.122448979591829,93.87755102040818
918,groundwater,18,7.07070707070707,92.92929292929293
917,groundwater,17,7.27272727272727,92.72727272727273
915,groundwater,15,6.565656565656559,93.43434343434345
914,groundwater,14,9.43434343434343,90.56565656565657
913,groundwater,13,6.082036775106079,93.91796322489392
950,groundwater,50,7.07213578500707,92.92786421499292
912,groundwater,12,10.56779147302485,89.43220852697515
910,groundwater,10,6.97110527379268,93.02889472620733
911,groundwater,11,6.0618306728632,93.9381693271368
924,groundwater,24,7.53535353535353,92.46464646464646
903,groundwater,3,6.243685593049101,93.7563144069509
904,groundwater,4,9.55555555555555,90.44444444444446
905,groundwater,5,6.76767676767676,93.23232323232324
926,groundwater,26,7.898989898989891,92.1010101010101
907,groundwater,7,6.84848484848484,93.15151515151516
908,groundwater,8,7.2958771220695215,92.70412287793047
909,groundwater,9,6.8686868686868605,93.13131313131314
916,groundwater,16,3.93939393939393,96.06060606060608
938,groundwater,38,7.29440290967872,92.70559709032128
906,groundwater,6,8.2036775106082,91.7963224893918
936,groundwater,36,9.43434343434343,90.56565656565657
949,groundwater,49,5.85858585858585,94.14141414141415
947,groundwater,47,8.46464646464646,91.53535353535354
946,groundwater,46,6.121212121212119,93.87878787878788
945,groundwater,45,7.619240097008889,92.38075990299112
944,groundwater,44,6.686868686868681,93.31313131313132
943,groundwater,43,9.13315821378056,90.86684178621944
942,groundwater,42,10.04040404040404,89.95959595959596
940,groundwater,40,8.87047888462315,91.12952111537685
939,groundwater,39,10.06263891695291,89.9373610830471
925,groundwater,25,6.243685593049101,93.7563144069509
948,groundwater,48,5.85858585858585,94.14141414141415
941,groundwater,41,7.3131313131313105,92.68686868686869
935,groundwater,35,5.55555555555555,94.44444444444446
934,groundwater,34,5.21212121212121,94.7878787878788
933,groundwater,33,8.42424242424242,91.57575757575758
901,groundwater,1,8.24408971509395,91.75591028490605
932,groundwater,32,5.13131313131313,94.86868686868686
931,groundwater,31,8.75101050929668,91.24898949070332
930,groundwater,30,6.082036775106079,93.91796322489392
929,groundwater,29,9.21398262275207,90.78601737724793
900,groundwater,0,8.484848484848479,91.51515151515152
902,groundwater,2,6.89028086482117,93.10971913517884
937,groundwater,37,6.66801374014952,93.33198625985048
1332,lake,32,6.122448979591829,93.87755102040818
1331,lake,31,8.1715210355987,91.8284789644013
1330,lake,30,7.3954334208931,92.6045665791069
1350,lake,50,6.852637962401451,93.14736203759855
1328,lake,28,9.99190938511326,90.00809061488674
1327,lake,27,8.14305920387957,91.85694079612043
1337,lake,37,7.33481511416447,92.66518488583553
1333,lake,33,10.735948241002829,89.26405175899717
1329,lake,29,6.476421776968221,93.52357822303178
1334,lake,34,7.5677863213273895,92.43221367867261
1345,lake,45,7.883565797453,92.116434202547
1335,lake,35,6.731352334748331,93.26864766525166
1338,lake,38,6.934896886372821,93.06510311362717
1325,lake,25,6.02263540824575,93.97736459175425
1339,lake,39,6.68016194331983,93.31983805668017
1340,lake,40,7.0966437525272905,92.90335624747271
1341,lake,41,7.44788504351346,92.55211495648653
1342,lake,42,10.34761519805982,89.65238480194017
1343,lake,43,9.01192160032329,90.98807839967671
1344,lake,44,10.49120679199514,89.50879320800486
1347,lake,47,7.001214083367049,92.99878591663295
1326,lake,26,8.94193809427473,91.05806190572527
1300,lake,0,5.237613751263899,94.7623862487361
1323,lake,23,4.9504950495049505,95.04950495049505
1313,lake,13,10.115314586283631,89.88468541371637
1346,lake,46,10.26469993938169,89.73530006061831
1309,lake,9,6.5802794087872,93.4197205912128
1308,lake,8,7.92239288601455,92.07760711398545
1307,lake,7,9.642207398423281,90.35779260157672
1306,lake,6,8.56911883589329,91.43088116410671
1349,lake,49,7.86335152617748,92.13664847382252
1304,lake,4,11.218920557913883,88.78107944208612
1303,lake,3,6.04339890488744,93.95660109511256
1312,lake,12,6.042845594179459,93.95715440582055
1310,lake,10,5.882352941176469,94.11764705882354
1324,lake,24,8.04365400161681,91.95634599838318
1305,lake,5,7.978938841636291,92.02106115836371
1317,lake,17,6.6504952496462515,93.34950475035374
1314,lake,14,5.958654235914059,94.04134576408595
1315,lake,15,7.3146090119216005,92.6853909880784
1316,lake,16,5.882352941176469,94.11764705882354
1318,lake,18,9.22703358963982,90.77296641036018
1319,lake,19,7.67987065481002,92.32012934518998
1320,lake,20,6.2095469255663405,93.79045307443366
1321,lake,21,11.17623282134195,88.82376717865804
1322,lake,22,8.38722716248989,91.61277283751011
1348,lake,48,9.96563573883161,90.03436426116839
1311,lake,11,9.44388270980788,90.55611729019212
1336,lake,36,9.89277766538539,90.1072223346146
1375,lake,75,9.860295606398049,90.13970439360195
1376,lake,76,10.43056397816858,89.56943602183142
1373,lake,73,8.61650485436893,91.38349514563107
1379,lake,79,6.148867313915849,93.85113268608416
1380,lake,80,6.5683104284559395,93.43168957154406
1381,lake,81,6.651839870602499,93.3481601293975
1382,lake,82,6.42943792964011,93.57056207035988
1383,lake,83,12.13101496158512,87.86898503841488
1384,lake,84,9.50070749949464,90.49929250050536
1386,lake,86,7.580351728320189,92.4196482716798
1387,lake,87,9.52284674484431,90.47715325515568
1389,lake,89,9.51515151515151,90.48484848484848
1385,lake,85,7.00546669366268,92.99453330633732
1391,lake,91,8.36532632855122,91.63467367144878
1392,lake,92,4.9747219413549,95.0252780586451
1393,lake,93,8.83542256368782,91.16457743631219
1374,lake,74,8.589329021827,91.410670978173
1394,lake,94,9.05416329830234,90.94583670169766
1395,lake,95,7.28302650212421,92.71697349787578
1396,lake,96,4.85142510612492,95.14857489387508
1397,lake,97,8.02506569638164,91.97493430361835
1398,lake,98,5.94660194174757,94.05339805825243
1399,lake,99,6.6329625884732,93.3670374115268
1351,lake,51,11.98706286638366,88.01293713361633
1301,lake,1,5.315278900565881,94.68472109943411
1388,lake,88,13.14724919093851,86.85275080906149
1353,lake,53,9.438156831042841,90.56184316895715
1352,lake,52,8.79854368932038,91.20145631067962
1354,lake,54,6.32962588473205,93.67037411526795
1355,lake,55,7.355021216407349,92.64497878359265
1356,lake,56,7.72185162724883,92.27814837275118
1357,lake,57,8.35187057633973,91.64812942366027
1358,lake,58,7.765419615773499,92.2345803842265
1359,lake,59,10.91129521115376,89.08870478884624
1360,lake,60,6.614077669902909,93.38592233009709
1361,lake,61,7.910176006473801,92.0898239935262
1362,lake,62,8.04853387259858,91.95146612740142
1363,lake,63,6.955115244642129,93.04488475535787
1378,lake,78,8.75101050929668,91.24898949070332
1390,lake,90,9.41414141414141,90.58585858585859
1364,lake,64,7.682976142337241,92.31702385766276
1377,lake,77,8.23053589484327,91.76946410515673
1372,lake,72,9.33710590137429,90.66289409862571
1371,lake,71,9.44006468566808,90.55993531433192
1370,lake,70,7.74206589852435,92.25793410147566
1302,lake,2,8.59280226445612,91.40719773554387
1368,lake,68,10.02627855265817,89.97372144734183
1367,lake,67,6.994137861330089,93.00586213866991
1366,lake,66,7.3954334208931,92.6045665791069
1365,lake,65,7.215036378334679,92.78496362166533
1369,lake,69,8.69213664847382,91.30786335152618
1066,sediment,66,9.151515151515149,90.84848484848484
1073,sediment,73,12.0428369367549,87.9571630632451
1051,sediment,51,8.05668016194331,91.9433198380567
1072,sediment,72,7.902182700080839,92.09781729991916
1071,sediment,71,8.74924227116589,91.25075772883412
1070,sediment,70,5.30257032989273,94.69742967010727
1069,sediment,69,7.48782467532467,92.51217532467533
1068,sediment,68,9.63831076985249,90.3616892301475
1067,sediment,67,8.7467098602956,91.2532901397044
1065,sediment,65,9.466019417475719,90.53398058252428
1062,sediment,62,10.87088300666801,89.12911699333199
1074,sediment,74,10.082845019195789,89.91715498080421
1063,sediment,63,10.65292096219931,89.34707903780068
1050,sediment,50,8.94193809427473,91.05806190572527
1060,sediment,60,10.4326728669632,89.5673271330368
1058,sediment,58,13.84677582373155,86.15322417626845
1057,sediment,57,11.18527508090614,88.81472491909386
1056,sediment,56,6.0262891809909,93.9737108190091
1055,sediment,55,10.23876972885471,89.7612302711453
1054,sediment,54,10.36363636363636,89.63636363636364
1053,sediment,53,10.103051121438671,89.89694887856133
1064,sediment,64,9.741309620048499,90.2586903799515
1059,sediment,59,13.51788240048494,86.48211759951506
1052,sediment,52,9.87878787878787,90.12121212121212
1075,sediment,75,8.168216740800641,91.83178325919936
1090,sediment,90,8.12449474535165,91.87550525464835
1091,sediment,91,10.311362717347352,89.68863728265265
1092,sediment,92,8.24408971509395,91.75591028490605
1093,sediment,93,5.800323362974931,94.19967663702506
1076,sediment,76,6.7704122877930395,93.22958771220696
1095,sediment,95,10.09304207119741,89.9069579288026
1096,sediment,96,6.01579906826007,93.98420093173993
1097,sediment,97,9.49494949494949,90.5050505050505
1089,sediment,89,11.838383838383828,88.16161616161617
1094,sediment,94,9.783707297351931,90.21629270264808
1088,sediment,88,10.749646393210748,89.25035360678925
1077,sediment,77,5.515151515151509,94.48484848484848
1086,sediment,86,5.07378209015565,94.92621790984435
1085,sediment,85,7.619240097008889,92.38075990299112
1084,sediment,84,8.72903616892301,91.27096383107698
1083,sediment,83,12.98543689320388,87.01456310679612
1082,sediment,82,10.56038842808011,89.4396115719199
1081,sediment,81,8.68069607446378,91.31930392553622
1080,sediment,80,10.6082036775106,89.3917963224894
1079,sediment,79,5.11524464213505,94.88475535786495
1078,sediment,78,6.99131137603556,93.00868862396445
1087,sediment,87,9.03030303030303,90.96969696969697
1061,sediment,61,9.01192160032329,90.98807839967671
1000,sediment,0,6.96356275303643,93.03643724696357
1049,sediment,49,7.6612088134222684,92.33879118657774
1021,sediment,21,9.05050505050505,90.94949494949495
1020,sediment,20,8.665721806033611,91.33427819396638
1019,sediment,19,9.01374292643492,90.98625707356508
1018,sediment,18,9.1497975708502,90.8502024291498
1017,sediment,17,8.46806790622473,91.53193209377527
1016,sediment,16,6.22222222222222,93.77777777777779
1015,sediment,15,7.919191919191912,92.08080808080808
1014,sediment,14,6.891673403395311,93.10832659660468
1013,sediment,13,8.12613705275924,91.87386294724075
1012,sediment,12,12.01699372850495,87.98300627149504
1037,sediment,37,7.80270871235092,92.19729128764908
1022,sediment,22,8.24575586095392,91.75424413904608
1010,sediment,10,7.39015995140716,92.60984004859284
1009,sediment,9,9.37752627324171,90.62247372675829
1008,sediment,8,8.65170810592278,91.34829189407722
1007,sediment,7,8.16326530612244,91.83673469387756
1006,sediment,6,10.19211324570273,89.80788675429727
1005,sediment,5,12.414071977355428,87.58592802264457
1004,sediment,4,6.6882198423924,93.3117801576076
1003,sediment,3,5.85731657884069,94.1426834211593
1002,sediment,2,9.42747319441634,90.57252680558366
1025,sediment,25,10.7070707070707,89.2929292929293
1023,sediment,23,6.37135922330097,93.62864077669903
1024,sediment,24,6.48878107944208,93.51121892055792
1011,sediment,11,9.445792880258889,90.55420711974111
1046,sediment,46,7.79955546575065,92.20044453424936
1047,sediment,47,9.799959587795511,90.20004041220449
1044,sediment,44,5.36111673073032,94.63888326926968
1043,sediment,43,9.91919191919191,90.08080808080808
1042,sediment,42,7.49646393210749,92.50353606789251
1041,sediment,41,7.49646393210749,92.50353606789251
1040,sediment,40,7.61616161616161,92.3838383838384
1035,sediment,35,5.902567212451991,94.09743278754802
1038,sediment,38,6.75293166194904,93.24706833805097
1036,sediment,36,6.18306728632046,93.81693271367953
1026,sediment,26,7.908576051779929,92.09142394822007
1034,sediment,34,8.78965447565164,91.21034552434836
1039,sediment,39,6.654530744336561,93.34546925566345
1032,sediment,32,7.6315789473684195,92.36842105263158
1031,sediment,31,7.05478067515666,92.94521932484334
1030,sediment,30,8.24575586095392,91.75424413904608
1029,sediment,29,8.80923450789793,91.19076549210207
1028,sediment,28,10.00202061022428,89.99797938977572
1027,sediment,27,8.52697514649424,91.47302485350576
1048,sediment,48,9.04858299595141,90.9514170040486
1098,sediment,98,8.69741100323624,91.30258899676376
1099,sediment,99,7.90058597696504,92.09941402303497
1001,sediment,1,8.62626262626262,91.37373737373738
1033,sediment,33,7.16169608439845,92.83830391560156
1045,sediment,45,7.0923418872499395,92.90765811275006
1466,reservoir,66,8.7070707070707,91.2929292929293
1467,reservoir,67,9.11111111111111,90.88888888888889
1468,reservoir,68,7.13131313131313,92.86868686868686
1469,reservoir,69,7.87878787878787,92.12121212121212
1476,reservoir,76,10.46464646464646,89.53535353535354
1471,reservoir,71,6.042845594179459,93.95715440582055
1472,reservoir,72,10.26262626262626,89.73737373737374
1473,reservoir,73,8.76944837340877,91.23055162659124
1470,reservoir,70,7.59749444332188,92.40250555667812
1465,reservoir,65,7.59595959595959,92.40404040404042
1453,reservoir,53,9.03030303030303,90.96969696969697
1464,reservoir,64,11.232323232323232,88.76767676767678
1475,reservoir,75,7.73737373737373,92.26262626262627
1460,reservoir,60,10.66666666666666,89.33333333333334
1459,reservoir,59,5.87878787878787,94.12121212121212
1458,reservoir,58,8.28282828282828,91.71717171717172
1457,reservoir,57,9.03212770256617,90.96787229743383
1456,reservoir,56,10.747474747474739,89.25252525252526
1455,reservoir,55,7.959595959595959,92.04040404040404
1454,reservoir,54,9.05233380480905,90.94766619519095
1474,reservoir,74,10.06263891695291,89.9373610830471
1400,reservoir,0,7.191919191919189,92.80808080808082
1461,reservoir,61,9.212121212121211,90.78787878787878
1477,reservoir,77,7.23232323232323,92.76767676767678
1488,reservoir,88,6.707070707070701,93.2929292929293
1452,reservoir,52,12.242424242424239,87.75757575757576
1491,reservoir,91,10.202020202020199,89.7979797979798
1492,reservoir,92,9.43434343434343,90.56565656565657
1493,reservoir,93,11.13131313131313,88.86868686868686
1494,reservoir,94,6.363636363636361,93.63636363636364
1401,reservoir,1,8.767676767676761,91.23232323232324
1496,reservoir,96,11.61616161616161,88.3838383838384
1497,reservoir,97,7.759143261264899,92.2408567387351
1498,reservoir,98,8.58585858585858,91.41414141414143
1495,reservoir,95,8.50848827809215,91.49151172190786
1451,reservoir,51,10.64646464646464,89.35353535353536
1490,reservoir,90,8.54718124873711,91.4528187512629
1487,reservoir,87,10.949494949494941,89.05050505050507
1486,reservoir,86,12.727272727272721,87.27272727272728
1485,reservoir,85,8.484848484848479,91.51515151515152
1484,reservoir,84,8.24242424242424,91.75757575757576
1483,reservoir,83,8.84848484848484,91.15151515151516
1482,reservoir,82,7.3131313131313105,92.68686868686869
1481,reservoir,81,7.59749444332188,92.40250555667812
1480,reservoir,80,10.62626262626262,89.37373737373738
1479,reservoir,79,9.575757575757569,90.42424242424244
1489,reservoir,89,10.525252525252519,89.47474747474749
1478,reservoir,78,9.51515151515151,90.48484848484848
1462,reservoir,62,9.37373737373737,90.62626262626263
1499,reservoir,99,7.97979797979798,92.02020202020202
1413,reservoir,13,9.63636363636363,90.36363636363637
1422,reservoir,22,10.12121212121212,89.87878787878788
1450,reservoir,50,4.32323232323232,95.67676767676768
1421,reservoir,21,10.96969696969697,89.03030303030303
1420,reservoir,20,8.02020202020202,91.97979797979798
1419,reservoir,19,7.43434343434343,92.56565656565657
1418,reservoir,18,8.91089108910891,91.08910891089108
1417,reservoir,17,10.56565656565656,89.43434343434345
1415,reservoir,15,8.26262626262626,91.73737373737374
1414,reservoir,14,7.61616161616161,92.3838383838384
1411,reservoir,11,6.72727272727272,93.27272727272728
1423,reservoir,23,8.91089108910891,91.08910891089108
1416,reservoir,16,10.28282828282828,89.71717171717172
1410,reservoir,10,12.02020202020202,87.97979797979798
1409,reservoir,9,7.81818181818181,92.18181818181819
1408,reservoir,8,8.5050505050505,91.4949494949495
1407,reservoir,7,10.42424242424242,89.57575757575758
1406,reservoir,6,8.34343434343434,91.65656565656566
1405,reservoir,5,8.46464646464646,91.53535353535354
1404,reservoir,4,11.010101010101012,88.98989898989899
1403,reservoir,3,6.84848484848484,93.15151515151516
1424,reservoir,24,11.85858585858585,88.14141414141415
1463,reservoir,63,11.27500505152556,88.72499494847443
1402,reservoir,2,8.62626262626262,91.37373737373738
1438,reservoir,38,7.27272727272727,92.72727272727273
1448,reservoir,48,6.93069306930693,93.06930693069307
1437,reservoir,37,8.00161648817943,91.99838351182058
1425,reservoir,25,12.0428369367549,87.9571630632451
1426,reservoir,26,8.58759345322287,91.41240654677713
1446,reservoir,46,10.38803556992724,89.61196443007276
1445,reservoir,45,8.1010101010101,91.8989898989899
1444,reservoir,44,8.72727272727272,91.27272727272728
1443,reservoir,43,10.202020202020199,89.7979797979798
1442,reservoir,42,8.808080808080799,91.1919191919192
1441,reservoir,41,8.72727272727272,91.27272727272728
1440,reservoir,40,8.16326530612244,91.83673469387756
1439,reservoir,39,11.575757575757569,88.42424242424244
1447,reservoir,47,7.0923418872499395,92.90765811275006
1412,reservoir,12,9.17171717171717,90.82828282828282
1434,reservoir,34,8.383838383838379,91.61616161616162
1436,reservoir,36,10.323232323232322,89.67676767676768
1435,reservoir,35,6.4040404040403995,93.5959595959596
1427,reservoir,27,6.484848484848479,93.51515151515152
1428,reservoir,28,8.16161616161616,91.83838383838383
1429,reservoir,29,5.494949494949491,94.5050505050505
1449,reservoir,49,6.565656565656559,93.43434343434345
1431,reservoir,31,11.838383838383828,88.16161616161617
1432,reservoir,32,8.808080808080799,91.1919191919192
1433,reservoir,33,9.983831851253031,90.01616814874697
1430,reservoir,30,7.97979797979798,92.02020202020202
212,tundra,12,9.85858585858585,90.14141414141415
233,tundra,33,8.32827976551445,91.67172023448555
228,tundra,28,7.69852495453627,92.30147504546373
231,tundra,31,8.75277946230038,91.24722053769962
230,tundra,30,8.20699413786133,91.79300586213867
229,tundra,29,8.07528840315725,91.92471159684276
236,tundra,36,7.369912937841661,92.63008706215834
234,tundra,34,8.43105539830165,91.56894460169835
227,tundra,27,8.54890864995958,91.45109135004041
235,tundra,35,8.787203887426601,91.2127961125734
240,tundra,40,8.22222222222222,91.77777777777779
244,tundra,44,9.75313638203156,90.24686361796844
241,tundra,41,10.91350040420371,89.08649959579628
242,tundra,42,6.406628940986249,93.59337105901375
243,tundra,43,6.5089953507176,93.4910046492824
245,tundra,45,10.078931390406801,89.92106860959319
246,tundra,46,12.3076923076923,87.69230769230771
226,tundra,26,6.872852233676969,93.12714776632303
247,tundra,47,4.45073841796479,95.54926158203521
215,tundra,15,7.29378301503453,92.70621698496547
237,tundra,37,6.22473726758286,93.77526273241713
261,tundra,61,7.841552142279699,92.1584478577203
238,tundra,38,6.65587699777463,93.34412300222537
250,tundra,50,17.12494945410432,82.87505054589568
211,tundra,11,9.52284674484431,90.47715325515568
202,tundra,2,6.67205822887181,93.3279417711282
210,tundra,10,9.07620780270871,90.92379219729129
209,tundra,9,13.31444759206798,86.68555240793202
204,tundra,4,10.53376465830974,89.46623534169026
207,tundra,7,11.47706607395433,88.52293392604567
206,tundra,6,12.96521035598705,87.03478964401295
205,tundra,5,7.80113177041228,92.19886822958772
213,tundra,13,9.33198380566801,90.66801619433198
208,tundra,8,5.83956354819155,94.16043645180845
224,tundra,24,9.53920776071139,90.46079223928861
248,tundra,48,8.68069607446378,91.31930392553622
249,tundra,49,9.77139389034999,90.22860610965
216,tundra,16,9.73290165924726,90.26709834075274
217,tundra,17,7.23670911663634,92.76329088336367
218,tundra,18,7.580351728320189,92.4196482716798
219,tundra,19,6.827390599675851,93.17260940032415
220,tundra,20,7.88197251414713,92.11802748585286
221,tundra,21,6.1286407766990205,93.87135922330098
222,tundra,22,8.43105539830165,91.56894460169835
223,tundra,23,10.01213592233009,89.98786407766991
203,tundra,3,8.83542256368782,91.16457743631219
214,tundra,14,6.4874696847210895,93.51253031527891
239,tundra,39,5.17485344653325,94.82514655346675
232,tundra,32,6.83380509502628,93.16619490497372
225,tundra,25,7.72497472194135,92.27502527805865
254,tundra,54,14.40420797086789,85.59579202913211
281,tundra,81,10.22428773489593,89.77571226510408
282,tundra,82,9.0173877881116,90.9826122118884
283,tundra,83,13.418336369156039,86.58166363084396
284,tundra,84,9.05965621840242,90.94034378159758
285,tundra,85,9.381318236959151,90.61868176304085
275,tundra,75,9.17357041826631,90.82642958173369
287,tundra,87,10.33367037411526,89.66632962588474
288,tundra,88,8.46464646464646,91.53535353535354
289,tundra,89,7.72653721682847,92.27346278317152
286,tundra,86,10.25070764253942,89.74929235746058
292,tundra,92,5.37699615928845,94.62300384071155
293,tundra,93,10.43354943273906,89.56645056726094
294,tundra,94,8.93290218270008,91.06709781729992
295,tundra,95,7.480792559644151,92.51920744035584
296,tundra,96,6.39417239983812,93.60582760016187
297,tundra,97,11.30434782608695,88.69565217391305
298,tundra,98,8.71940117337649,91.2805988266235
299,tundra,99,11.78376189512047,88.21623810487952
278,tundra,78,9.09090909090909,90.9090909090909
276,tundra,76,11.31770412287793,88.68229587712207
291,tundra,91,7.038834951456311,92.96116504854369
280,tundra,80,8.06875631951466,91.93124368048534
251,tundra,51,7.51818916734033,92.48181083265968
290,tundra,90,10.309278350515461,89.69072164948454
252,tundra,52,9.50455005055611,90.4954499494439
277,tundra,77,10.04251872848754,89.95748127151246
256,tundra,56,9.359207600566,90.640792399434
257,tundra,57,8.94736842105263,91.05263157894737
258,tundra,58,10.57633973710819,89.42366026289181
259,tundra,59,12.35341690254751,87.64658309745249
260,tundra,60,9.650010115314581,90.34998988468541
262,tundra,62,9.381318236959151,90.61868176304085
263,tundra,63,9.044921084581139,90.95507891541887
264,tundra,64,8.67367569753336,91.32632430246665
253,tundra,53,10.31344792719919,89.68655207280081
265,tundra,65,10.59347782053878,89.40652217946122
255,tundra,55,12.636473918317831,87.36352608168217
279,tundra,79,11.19644300727566,88.80355699272434
267,tundra,67,8.82828282828282,91.17171717171718
200,tundra,0,9.38006482982171,90.6199351701783
201,tundra,1,7.355021216407349,92.64497878359265
274,tundra,74,7.984637153830601,92.0153628461694
273,tundra,73,8.400809716599191,91.59919028340082
266,tundra,66,11.50334753499695,88.49665246500305
271,tundra,71,8.67542972699696,91.32457027300305
270,tundra,70,6.37135922330097,93.62864077669903
269,tundra,69,7.3377804730139395,92.66221952698606
268,tundra,68,6.9795670645357,93.0204329354643
272,tundra,72,7.1515151515151505,92.84848484848484
1234,waste,34,10.06060606060606,89.93939393939394
1237,waste,37,9.55555555555555,90.44444444444446
1227,waste,27,16.0,84.0
1228,waste,28,10.88888888888888,89.11111111111111
1229,waste,29,7.757575757575751,92.24242424242425
1230,waste,30,8.78787878787878,91.21212121212122
1231,waste,31,9.63636363636363,90.36363636363637
1232,waste,32,11.656565656565652,88.34343434343435
1233,waste,33,11.212121212121211,88.7878787878788
1224,waste,24,15.37373737373737,84.62626262626263
1248,waste,48,8.62626262626262,91.37373737373738
1238,waste,38,9.03030303030303,90.96969696969697
1239,waste,39,7.63636363636363,92.36363636363637
1240,waste,40,6.34343434343434,93.65656565656566
1241,waste,41,9.79797979797979,90.20202020202021
1243,waste,43,10.58799757526773,89.41200242473226
1244,waste,44,7.696969696969689,92.30303030303031
1245,waste,45,6.040404040404039,93.95959595959596
1246,waste,46,7.13131313131313,92.86868686868686
1247,waste,47,13.535353535353531,86.46464646464646
1236,waste,36,8.90909090909091,91.0909090909091
1235,waste,35,7.090909090909089,92.9090909090909
1242,waste,42,7.59749444332188,92.40250555667812
1209,waste,9,8.12121212121212,91.87878787878788
1249,waste,49,8.90909090909091,91.0909090909091
1251,waste,51,15.393939393939391,84.60606060606061
1208,waste,8,10.020202020202019,89.97979797979798
1207,waste,7,6.0618306728632,93.9381693271368
1202,waste,2,7.29292929292929,92.70707070707071
1205,waste,5,12.184279652455041,87.81572034754495
1204,waste,4,7.575757575757571,92.42424242424244
1203,waste,3,7.94099818145079,92.0590018185492
1210,waste,10,6.909090909090899,93.0909090909091
1206,waste,6,6.263891695291971,93.73610830470803
1211,waste,11,10.28282828282828,89.71717171717172
1225,waste,25,10.66882198423924,89.33117801576076
1222,waste,22,6.72727272727272,93.27272727272728
1214,waste,14,8.08080808080808,91.91919191919192
1215,waste,15,10.64646464646464,89.35353535353536
1216,waste,16,8.04365400161681,91.95634599838318
1217,waste,17,8.24575586095392,91.75424413904608
1218,waste,18,11.135812449474532,88.86418755052547
1219,waste,19,7.880379874722161,92.11962012527783
1220,waste,20,6.8686868686868605,93.13131313131314
1221,waste,21,6.22347949080622,93.77652050919377
1223,waste,23,8.72727272727272,91.27272727272728
1212,waste,12,11.575757575757569,88.42424242424244
1213,waste,13,10.22222222222222,89.77777777777779
1250,waste,50,12.343434343434339,87.65656565656566
1226,waste,26,8.16161616161616,91.83838383838383
1254,waste,54,10.951707415639522,89.04829258436048
1278,waste,78,5.83838383838383,94.16161616161617
1279,waste,79,10.585858585858581,89.41414141414143
1280,waste,80,11.17171717171717,88.82828282828282
1281,waste,81,9.55555555555555,90.44444444444446
1282,waste,82,7.1515151515151505,92.84848484848484
1283,waste,83,6.8080808080808,93.1919191919192
1285,waste,85,9.818181818181811,90.18181818181819
1286,waste,86,10.020202020202019,89.97979797979798
1287,waste,87,12.080808080808078,87.91919191919192
1276,waste,76,10.505050505050498,89.4949494949495
1252,waste,52,10.18181818181818,89.81818181818181
1284,waste,84,9.151515151515149,90.84848484848484
1291,waste,91,10.52737926853909,89.4726207314609
1292,waste,92,9.979797979797981,90.02020202020202
1277,waste,77,10.92929292929292,89.07070707070707
1293,waste,93,9.69696969696969,90.30303030303031
1294,waste,94,8.84848484848484,91.15151515151516
1295,waste,95,5.292929292929291,94.70707070707071
1296,waste,96,8.72727272727272,91.27272727272728
1297,waste,97,9.096422073984229,90.90357792601577
1298,waste,98,4.50596080016164,95.49403919983835
1289,waste,89,8.74747474747474,91.25252525252526
1290,waste,90,3.59595959595959,96.40404040404042
1275,waste,75,9.393939393939391,90.60606060606061
1288,waste,88,9.85858585858585,90.14141414141415
1274,waste,74,6.5454545454545405,93.45454545454545
1200,waste,0,10.080808080808081,89.91919191919192
1255,waste,55,11.434343434343429,88.56565656565657
1256,waste,56,9.63636363636363,90.36363636363637
1257,waste,57,4.36363636363636,95.63636363636364
1258,waste,58,6.62760153566377,93.37239846433623
1259,waste,59,11.010101010101012,88.98989898989899
1260,waste,60,7.435845625378861,92.56415437462114
1262,waste,62,6.66666666666666,93.33333333333334
1263,waste,63,7.65656565656565,92.34343434343435
1253,waste,53,9.27272727272727,90.72727272727273
1264,waste,64,7.23232323232323,92.76767676767678
1261,waste,61,8.62626262626262,91.37373737373738
1267,waste,67,8.383838383838379,91.61616161616162
1266,waste,66,12.585858585858581,87.41414141414143
1299,waste,99,10.202020202020199,89.7979797979798
1201,waste,1,10.22222222222222,89.77777777777779
1273,waste,73,9.89898989898989,90.1010101010101
1272,waste,72,8.46635683976561,91.53364316023439
1265,waste,65,9.61616161616161,90.3838383838384
1270,waste,70,6.284097797534851,93.71590220246514
1269,waste,69,12.52778339058395,87.47221660941605
1268,waste,68,6.7286320468781495,93.27136795312185
1271,waste,71,11.69696969696969,88.30303030303031
1533,estuary,33,12.58641724278162,87.41358275721838
1523,estuary,23,9.48608572008937,90.51391427991064
1501,estuary,1,7.66877421986538,92.33122578013462
1538,estuary,38,8.60764669801676,91.39235330198323
1528,estuary,28,10.53820870994248,89.46179129005752
1529,estuary,29,10.470779220779217,89.52922077922078
1530,estuary,30,12.41644723516305,87.58355276483695
1531,estuary,31,9.34010152284263,90.65989847715737
1532,estuary,32,10.80253216254849,89.19746783745151
1534,estuary,34,7.56182301246679,92.43817698753321
1547,estuary,47,10.24598495629192,89.75401504370808
1535,estuary,35,8.316263826300691,91.68373617369932
1537,estuary,37,9.49663745669451,90.50336254330549
1502,estuary,2,13.344215466231379,86.65578453376862
1540,estuary,40,8.1081081081081,91.8918918918919
1541,estuary,41,9.39148073022312,90.60851926977688
1542,estuary,42,11.74674267100977,88.25325732899023
1543,estuary,43,7.56027789129546,92.43972210870454
1544,estuary,44,8.09866392600205,91.90133607399795
1545,estuary,45,12.46424192889252,87.53575807110748
1546,estuary,46,8.8716271463614,91.1283728536386
1549,estuary,49,11.26328699918233,88.73671300081767
1548,estuary,48,9.06688351290912,90.93311648709089
1508,estuary,8,8.83248730964467,91.16751269035532
1527,estuary,27,8.29926410466067,91.70073589533934
1536,estuary,36,6.764584195283401,93.2354158047166
1507,estuary,7,10.08146639511201,89.91853360488798
1506,estuary,6,11.993517017828202,88.0064829821718
1525,estuary,25,9.53927339151613,90.46072660848387
1504,estuary,4,8.65580448065173,91.34419551934828
1503,estuary,3,8.070462925030721,91.92953707496928
1524,estuary,24,13.17829457364341,86.82170542635659
1505,estuary,5,10.48765558049377,89.51234441950623
1510,estuary,10,9.35091277890466,90.64908722109534
1522,estuary,22,9.75213327915481,90.2478667208452
1539,estuary,39,4.70372632864996,95.29627367135004
1512,estuary,12,14.32664756446991,85.67335243553009
1514,estuary,14,8.53333333333333,91.46666666666667
1515,estuary,15,11.499897687742992,88.50010231225701
1516,estuary,16,7.41042345276873,92.58957654723127
1517,estuary,17,7.077486272117139,92.92251372788286
1518,estuary,18,8.3640081799591,91.6359918200409
1519,estuary,19,8.53235354153909,91.4676464584609
1520,estuary,20,10.778074317388619,89.22192568261138
1521,estuary,21,11.73207314567495,88.26792685432505
1526,estuary,26,11.60569105691056,88.39430894308944
1511,estuary,11,9.93066884176182,90.06933115823819
1513,estuary,13,6.43513789581205,93.56486210418795
1550,estuary,50,17.17927964386887,82.82072035613113
1553,estuary,53,11.352118386377448,88.64788161362254
1552,estuary,52,12.37512742099898,87.62487257900102
1579,estuary,79,12.54312969352547,87.45687030647453
1580,estuary,80,10.58103975535168,89.41896024464832
1581,estuary,81,7.521854035373041,92.47814596462696
1582,estuary,82,8.33333333333333,91.66666666666667
1583,estuary,83,10.72081218274111,89.27918781725889
1585,estuary,85,10.55102040816326,89.44897959183675
1586,estuary,86,7.78955954323001,92.21044045676999
1587,estuary,87,9.33496034167175,90.66503965832825
1588,estuary,88,7.094937995527539,92.90506200447246
1584,estuary,84,7.993407498969921,92.00659250103008
1590,estuary,90,11.32574217161447,88.67425782838554
1591,estuary,91,9.617755856966701,90.3822441430333
1592,estuary,92,9.93095044679122,90.06904955320879
1599,estuary,99,8.792544570502429,91.20745542949757
1593,estuary,93,11.684339314845023,88.31566068515498
1594,estuary,94,9.12955465587044,90.87044534412956
1595,estuary,95,9.23482849604221,90.76517150395779
1596,estuary,96,10.36931818181818,89.63068181818181
1597,estuary,97,7.65005086469989,92.34994913530011
1598,estuary,98,10.78491335372069,89.2150866462793
1589,estuary,89,12.09906617945594,87.90093382054405
1577,estuary,77,9.364208815762739,90.63579118423726
1576,estuary,76,8.11800610376398,91.88199389623603
1578,estuary,78,9.75162866449511,90.24837133550488
1500,estuary,0,11.40707604717364,88.59292395282637
1554,estuary,54,10.42345276872964,89.57654723127035
1555,estuary,55,8.4498480243161,91.5501519756839
1556,estuary,56,10.392515761643272,89.60748423835673
1557,estuary,57,10.971405394443309,89.02859460555669
1558,estuary,58,8.50457782299084,91.49542217700916
1559,estuary,59,7.5015247001422996,92.4984752998577
1560,estuary,60,7.4654567952155,92.5345432047845
1561,estuary,61,10.8522378908645,89.1477621091355
1562,estuary,62,6.461601981833189,93.53839801816682
1563,estuary,63,15.082100141901481,84.91789985809852
1551,estuary,51,6.020408163265299,93.9795918367347
1564,estuary,64,9.84172077922077,90.15827922077924
1566,estuary,66,8.99104963384865,91.00895036615135
1567,estuary,67,11.714633157681389,88.28536684231861
1568,estuary,68,7.564050427002839,92.43594957299716
1569,estuary,69,7.78638401956787,92.21361598043212
1570,estuary,70,7.333469138317368,92.66653086168263
1571,estuary,71,7.2804704928006405,92.71952950719935
1572,estuary,72,11.2375533428165,88.7624466571835
1573,estuary,73,4.80670893843321,95.1932910615668
1574,estuary,74,6.04953308972797,93.95046691027203
1575,estuary,75,7.05402650356778,92.94597349643222
1565,estuary,65,8.38604366455825,91.61395633544176
1509,estuary,9,7.50153720024595,92.49846279975405
686,agricultural,86,12.04040404040404,87.95959595959596
695,agricultural,95,11.01232572236815,88.98767427763185
601,agricultural,1,5.494949494949491,94.5050505050505
625,agricultural,25,6.24242424242424,93.75757575757576
627,agricultural,27,12.66922610628409,87.33077389371591
628,agricultural,28,10.747474747474739,89.25252525252526
629,agricultural,29,8.72903616892301,91.27096383107698
630,agricultural,30,7.45605172762174,92.54394827237826
631,agricultural,31,9.11111111111111,90.88888888888889
632,agricultural,32,11.82056981208325,88.17943018791675
633,agricultural,33,11.414141414141408,88.58585858585859
634,agricultural,34,8.99171549808042,91.00828450191958
626,agricultural,26,10.86868686868686,89.13131313131314
635,agricultural,35,12.86868686868686,87.13131313131314
637,agricultural,37,10.97856854023453,89.02143145976547
638,agricultural,38,11.90379951495553,88.09620048504448
639,agricultural,39,10.57420137484836,89.42579862515164
640,agricultural,40,7.79797979797979,92.20202020202021
641,agricultural,41,11.55555555555555,88.44444444444446
642,agricultural,42,8.44615073752273,91.55384926247727
643,agricultural,43,8.16161616161616,91.83838383838383
644,agricultural,44,9.01010101010101,90.98989898989899
645,agricultural,45,10.14551333872271,89.85448666127729
622,agricultural,22,10.28906407923994,89.71093592076006
646,agricultural,46,9.41604364518084,90.58395635481916
624,agricultural,24,13.133966457870269,86.86603354212973
698,agricultural,98,14.58585858585858,85.41414141414143
696,agricultural,96,10.65292096219931,89.34707903780068
609,agricultural,9,7.61616161616161,92.3838383838384
602,agricultural,2,14.73024853505758,85.26975146494242
603,agricultural,3,12.13101496158512,87.86898503841488
604,agricultural,4,12.06060606060606,87.93939393939394
605,agricultural,5,7.561665992721391,92.43833400727861
606,agricultural,6,7.898989898989891,92.1010101010101
623,agricultural,23,9.757575757575749,90.24242424242425
607,agricultural,7,8.46464646464646,91.53535353535354
608,agricultural,8,10.547585370781968,89.45241462921803
610,agricultural,10,10.48484848484848,89.51515151515152
616,agricultural,16,9.49494949494949,90.5050505050505
612,agricultural,12,9.33521923620933,90.66478076379067
613,agricultural,13,11.052737926853911,88.94726207314609
614,agricultural,14,7.4171382376717805,92.58286176232822
615,agricultural,15,8.949494949494941,91.05050505050505
617,agricultural,17,7.73893715902202,92.26106284097798
618,agricultural,18,8.04365400161681,91.95634599838318
619,agricultural,19,11.60064672594987,88.39935327405013
620,agricultural,20,9.818181818181811,90.18181818181819
621,agricultural,21,11.48634984833164,88.51365015166836
611,agricultural,11,9.55555555555555,90.44444444444446
636,agricultural,36,8.53559870550161,91.46440129449839
647,agricultural,47,10.18799272286234,89.81200727713767
600,agricultural,0,10.22222222222222,89.77777777777779
649,agricultural,49,9.33710590137429,90.66289409862571
675,agricultural,75,7.97979797979798,92.02020202020202
674,agricultural,74,6.72727272727272,93.27272727272728
676,agricultural,76,9.73934128106688,90.26065871893312
677,agricultural,77,8.52697514649424,91.47302485350576
678,agricultural,78,14.60901192160032,85.39098807839969
679,agricultural,79,9.13315821378056,90.86684178621944
680,agricultural,80,14.303030303030301,85.6969696969697
673,agricultural,73,8.54718124873711,91.4528187512629
682,agricultural,82,10.9719135178824,89.0280864821176
650,agricultural,50,9.13131313131313,90.86868686868686
683,agricultural,83,8.767676767676761,91.23232323232324
685,agricultural,85,10.727272727272721,89.27272727272728
681,agricultural,81,12.808080808080799,87.1919191919192
687,agricultural,87,9.90499292500505,90.09500707499495
688,agricultural,88,8.12285310163669,91.8771468983633
689,agricultural,89,9.93939393939394,90.06060606060606
690,agricultural,90,8.04040404040404,91.95959595959596
691,agricultural,91,8.7914308811641,91.2085691188359
692,agricultural,92,6.95230396119644,93.04769603880356
693,agricultural,93,7.696969696969689,92.30303030303031
648,agricultural,48,11.15151515151515,88.84848484848484
684,agricultural,84,9.23418872499494,90.76581127500506
662,agricultural,62,12.00242473226914,87.99757526773087
694,agricultural,94,10.83047080218225,89.16952919781775
656,agricultural,56,9.43434343434343,90.56565656565657
697,agricultural,97,7.1168621107966,92.8831378892034
651,agricultural,51,5.71717171717171,94.28282828282829
652,agricultural,52,9.35542533845221,90.6445746615478
653,agricultural,53,8.484848484848479,91.51515151515152
654,agricultural,54,8.24408971509395,91.75591028490605
655,agricultural,55,13.465426607359479,86.53457339264052
699,agricultural,99,8.25242718446602,91.74757281553399
657,agricultural,57,10.309278350515461,89.69072164948454
658,agricultural,58,7.050505050505049,92.94949494949495
660,agricultural,60,11.69696969696969,88.30303030303031
659,agricultural,59,13.676767676767673,86.32323232323233
661,agricultural,61,4.86868686868686,95.13131313131314
663,agricultural,63,9.80392156862745,90.19607843137256
664,agricultural,64,12.73241713823767,87.26758286176234
665,agricultural,65,13.073348151141637,86.92665184885836
666,agricultural,66,10.689028086482107,89.31097191351789
667,agricultural,67,8.50848827809215,91.49151172190786
668,agricultural,68,7.600565999595711,92.39943400040428
669,agricultural,69,7.898989898989891,92.1010101010101
670,agricultural,70,12.896705073782089,87.10329492621791
671,agricultural,71,8.84848484848484,91.15151515151516
672,agricultural,72,7.17751718560452,92.82248281439549
1132,river,32,7.92239288601455,92.07760711398545
1134,river,34,9.07070707070707,90.92929292929293
1133,river,33,11.43665386946858,88.56334613053141
1131,river,31,9.35353535353535,90.64646464646465
1148,river,48,11.396241664982819,88.60375833501718
1129,river,29,14.787878787878789,85.21212121212122
1139,river,39,5.85858585858585,94.14141414141415
1123,river,23,9.19191919191919,90.8080808080808
1100,river,0,10.81244947453516,89.18755052546484
1130,river,30,10.711398544866608,89.28860145513339
1135,river,35,11.85858585858585,88.14141414141415
1147,river,47,14.097896440129453,85.90210355987055
1136,river,36,12.91169933319862,87.08830066680139
1138,river,38,9.47857720291026,90.52142279708974
1101,river,1,15.49808042028692,84.50191957971307
1141,river,41,7.355021216407349,92.64497878359265
1142,river,42,9.0927460092948,90.9072539907052
1143,river,43,9.21398262275207,90.78601737724793
1144,river,44,10.58799757526773,89.41200242473226
1145,river,45,12.108348494036791,87.89165150596321
1146,river,46,9.496868054152351,90.50313194584766
1149,river,49,10.38383838383838,89.61616161616162
1150,river,50,10.9090909090909,89.0909090909091
1140,river,40,7.69852495453627,92.30147504546373
1113,river,13,7.51667003435037,92.48332996564963
1111,river,11,9.35542533845221,90.6445746615478
1109,river,9,12.54545454545454,87.45454545454547
1108,river,8,9.37373737373737,90.62626262626263
1107,river,7,7.87878787878787,92.12121212121212
1106,river,6,6.82966255809254,93.17033744190746
1126,river,26,8.42594463527985,91.57405536472015
1104,river,4,13.31582137805617,86.68417862194383
1103,river,3,10.343434343434343,89.65656565656566
1124,river,24,7.536876136593251,92.46312386340675
1105,river,5,9.39583754293796,90.60416245706205
1110,river,10,13.06105944197331,86.93894055802669
1122,river,22,10.04446240905416,89.95553759094584
1112,river,12,8.75101050929668,91.24898949070332
1114,river,14,8.484848484848479,91.51515151515152
1115,river,15,8.44615073752273,91.55384926247727
1116,river,16,9.860577894524141,90.13942210547586
1117,river,17,12.787878787878778,87.21212121212122
1118,river,18,11.232323232323232,88.76767676767678
1119,river,19,11.212121212121211,88.7878787878788
1120,river,20,11.474747474747469,88.52525252525253
1121,river,21,10.87747674888799,89.12252325111201
1127,river,27,13.604204568425297,86.3957954315747
1128,river,28,9.496868054152351,90.50313194584766
1137,river,37,7.959595959595959,92.04040404040404
1176,river,76,9.63636363636363,90.36363636363637
1151,river,51,8.07365439093484,91.92634560906517
1179,river,79,10.3071948261924,89.6928051738076
1180,river,80,10.32949262179098,89.67050737820902
1181,river,81,11.438965238480188,88.5610347615198
1182,river,82,7.373737373737369,92.62626262626263
1183,river,83,10.06467259498787,89.93532740501213
1184,river,84,9.76151980598221,90.2384801940178
1185,river,85,11.31541725601131,88.68458274398868
1186,river,86,12.32572236815518,87.67427763184482
1194,river,94,12.101010101010099,87.8989898989899
1188,river,88,8.98989898989899,91.01010101010101
1177,river,77,10.89108910891089,89.10891089108911
1154,river,54,11.47076674084564,88.52923325915435
1189,river,89,6.634304207119739,93.36569579288026
1198,river,98,10.53163533454619,89.4683646654538
1197,river,97,7.83996767023641,92.1600323297636
1196,river,96,6.5494238932686395,93.45057610673136
1195,river,95,9.07620780270871,90.92379219729129
1199,river,99,8.91269199676637,91.08730800323363
1193,river,93,13.202587949858469,86.79741205014153
1192,river,92,9.57962813257882,90.42037186742118
1191,river,91,5.11214386744796,94.88785613255205
1125,river,25,10.62840977975348,89.37159022024652
1190,river,90,10.70923418872499,89.29076581127501
1178,river,78,7.536876136593251,92.46312386340675
1187,river,87,8.649959579628131,91.35004042037187
1153,river,53,7.03314470493128,92.96685529506873
1163,river,63,9.98181450798141,90.01818549201859
1155,river,55,8.407437348423601,91.5925626515764
1156,river,56,10.473109583501811,89.52689041649819
1157,river,57,7.8042862919530895,92.19571370804691
1158,river,58,10.022226712467159,89.97777328753284
1159,river,59,10.66666666666666,89.33333333333334
1160,river,60,7.373737373737369,92.62626262626263
1162,river,62,11.29521115376843,88.70478884623157
1164,river,64,7.61770054556476,92.38229945443524
1165,river,65,11.01232572236815,88.98767427763185
1166,river,66,11.61616161616161,88.3838383838384
1161,river,61,11.31999191429149,88.68000808570851
1168,river,68,9.212121212121211,90.78787878787878
1167,river,67,12.2020202020202,87.79797979797979
1152,river,52,9.08171521035598,90.91828478964402
1102,river,2,8.36363636363636,91.63636363636364
1174,river,74,7.0101010101010095,92.98989898989899
1173,river,73,13.47474747474747,86.52525252525253
1175,river,75,8.34343434343434,91.65656565656566
1171,river,71,12.2271624898949,87.7728375101051
1170,river,70,8.710590137429259,91.28940986257074
1169,river,69,9.68459361099878,90.31540638900123
1172,river,72,11.90139422105475,88.09860577894526
430,farm,30,9.15336431602344,90.84663568397656
446,farm,46,9.4224924012158,90.5775075987842
499,farm,99,11.767084512737561,88.23291548726243
401,farm,1,11.45454545454545,88.54545454545455
400,farm,0,14.45344129554656,85.54655870445345
437,farm,37,10.34412955465587,89.65587044534414
427,farm,27,11.19870628663836,88.80129371336164
428,farm,28,12.530315278900561,87.46968472109944
429,farm,29,11.3673139158576,88.63268608414239
431,farm,31,10.50717316629622,89.49282683370379
444,farm,44,9.85231640704025,90.14768359295975
447,farm,47,13.091865641440709,86.9081343585593
433,farm,33,9.27165753702576,90.72834246297424
435,farm,35,9.03030303030303,90.96969696969697
438,farm,38,10.004042037186741,89.99595796281326
450,farm,50,10.446554859567579,89.55344514043242
439,farm,39,10.58799757526773,89.41200242473226
440,farm,40,10.54655870445344,89.45344129554655
441,farm,41,14.271275520517479,85.72872447948252
442,farm,42,15.962820771873101,84.0371792281269
443,farm,43,9.35542533845221,90.6445746615478
432,farm,32,10.082845019195789,89.91715498080421
436,farm,36,13.47474747474747,86.52525252525253
420,farm,20,11.52213462704669,88.47786537295332
409,farm,9,13.62441883970082,86.37558116029918
445,farm,45,10.1010101010101,89.8989898989899
407,farm,7,7.51970891449363,92.48029108550637
406,farm,6,8.95311236863379,91.04688763136622
405,farm,5,10.04446240905416,89.95553759094584
425,farm,25,8.77831715210356,91.22168284789645
403,farm,3,8.09716599190283,91.90283400809717
402,farm,2,11.45454545454545,88.54545454545455
423,farm,23,10.46322633075985,89.53677366924015
424,farm,24,9.783707297351931,90.21629270264808
404,farm,4,12.714776632302398,87.2852233676976
448,farm,48,16.41004862236628,83.58995137763372
408,farm,8,7.0923418872499395,92.90765811275006
410,farm,10,11.13360323886639,88.86639676113361
411,farm,11,11.13356233582542,88.86643766417458
412,farm,12,18.46464646464646,81.53535353535354
414,farm,14,11.6791270963831,88.3208729036169
415,farm,15,11.84556296745502,88.15443703254498
416,farm,16,9.7250303275374,90.2749696724626
417,farm,17,9.40724256524377,90.59275743475624
418,farm,18,12.487371186098201,87.5126288139018
419,farm,19,8.55289825699229,91.4471017430077
498,farm,98,12.5758188435099,87.4241811564901
413,farm,13,6.69498381877022,93.30501618122977
434,farm,34,10.40614265508183,89.59385734491816
485,farm,85,11.712259371833841,88.28774062816616
422,farm,22,8.97695107157298,91.02304892842702
475,farm,75,12.42675287936957,87.57324712063043
477,farm,77,9.575757575757569,90.42424242424244
478,farm,78,13.826561552456031,86.17343844754397
479,farm,79,10.16194331983805,89.83805668016196
480,farm,80,8.43446601941747,91.56553398058253
476,farm,76,6.910486967064049,93.08951303293595
482,farm,82,12.69712899312575,87.30287100687426
483,farm,83,15.871411241407197,84.1285887585928
484,farm,84,18.36363636363636,81.63636363636364
486,farm,86,9.273132212998581,90.72686778700142
451,farm,51,10.38803556992724,89.61196443007276
481,farm,81,9.94542146755609,90.05457853244391
489,farm,89,10.29739024883674,89.70260975116327
490,farm,90,12.9319054354415,87.0680945645585
491,farm,91,13.765918738629471,86.23408126137053
492,farm,92,11.21438674479692,88.78561325520307
493,farm,93,8.808080808080799,91.1919191919192
494,farm,94,6.539785381656199,93.4602146183438
495,farm,95,12.10345524348353,87.89654475651648
496,farm,96,6.06918875177018,93.93081124822982
497,farm,97,9.86655883542256,90.13344116457743
487,farm,87,10.547585370781968,89.45241462921803
488,farm,88,14.92929292929292,85.07070707070707
452,farm,52,10.23510336441021,89.76489663558979
421,farm,21,12.997776430159691,87.00222356984031
474,farm,74,13.338722716248991,86.661277283751
449,farm,49,11.17623282134195,88.82376717865804
426,farm,26,8.09061488673139,91.90938511326861
464,farm,64,9.417946645109131,90.58205335489087
454,farm,54,16.32323232323232,83.67676767676768
455,farm,55,14.42443860004046,85.57556139995954
456,farm,56,11.09315013133966,88.90684986866034
457,farm,57,11.45454545454545,88.54545454545455
459,farm,59,9.05775075987841,90.94224924012158
460,farm,60,7.87878787878787,92.12121212121212
461,farm,61,11.832524271844658,88.16747572815534
462,farm,62,14.45344129554656,85.54655870445345
458,farm,58,13.78892033966842,86.21107966033158
453,farm,53,15.585203153426319,84.41479684657368
465,farm,65,9.13685061653527,90.86314938346473
466,farm,66,12.26262626262626,87.73737373737374
473,farm,73,12.285310163669418,87.71468983633058
467,farm,67,10.385936552838949,89.61406344716104
468,farm,68,11.63871489189735,88.36128510810265
469,farm,69,5.83956354819155,94.16043645180845
470,farm,70,11.74449161107742,88.25550838892258
471,farm,71,7.0923418872499395,92.90765811275006
472,farm,72,10.58918809475602,89.41081190524397
463,farm,63,11.90379951495553,88.09620048504448
536,field,36,13.829357056207032,86.17064294379297
527,field,27,11.26618122977346,88.73381877022653
528,field,28,13.111111111111109,86.88888888888889
533,field,33,9.05050505050505,90.94949494949495
526,field,26,9.203074433656951,90.79692556634305
531,field,31,10.46464646464646,89.53535353535354
532,field,32,10.56565656565656,89.43434343434345
525,field,25,11.31313131313131,88.68686868686869
529,field,29,9.17357041826631,90.82642958173369
535,field,35,14.949494949494946,85.05050505050505
541,field,41,12.14141414141414,87.85858585858585
538,field,38,8.30470802182259,91.69529197817741
539,field,39,9.0210355987055,90.9789644012945
540,field,40,9.73737373737373,90.26262626262627
524,field,24,10.62626262626262,89.37373737373738
542,field,42,9.07070707070707,90.92929292929293
543,field,43,10.7070707070707,89.2929292929293
544,field,44,13.722716248989489,86.27728375101051
545,field,45,8.00323362974939,91.99676637025061
546,field,46,9.59595959595959,90.40404040404042
534,field,34,10.42634875732471,89.57365124267528
521,field,21,17.45454545454545,82.54545454545455
530,field,30,7.759143261264899,92.2408567387351
513,field,13,14.308811641067088,85.6911883589329
537,field,37,10.30511214386744,89.69488785613257
599,field,99,14.71004243281471,85.2899575671853
505,field,5,12.808080808080799,87.1919191919192
504,field,4,13.49767629824207,86.50232370175793
510,field,10,10.87088300666801,89.12911699333199
502,field,2,10.082845019195789,89.91715498080421
501,field,1,11.79797979797979,88.20202020202021
549,field,49,12.808080808080799,87.1919191919192
507,field,7,10.808080808080799,89.1919191919192
503,field,3,9.75954738330975,90.24045261669025
508,field,8,14.48484848484848,85.51515151515152
547,field,47,18.00363709840372,81.99636290159629
515,field,15,11.396241664982819,88.60375833501718
512,field,12,15.03030303030303,84.96969696969697
514,field,14,14.20488987674277,85.79511012325723
516,field,16,16.14141414141414,83.85858585858585
517,field,17,7.94099818145079,92.0590018185492
518,field,18,12.12366134572641,87.8763386542736
519,field,19,8.44956539316757,91.55043460683243
520,field,20,8.0234438156831,91.9765561843169
523,field,23,10.080808080808081,89.91919191919192
511,field,11,8.42594463527985,91.57405536472015
500,field,0,10.24242424242424,89.75757575757576
522,field,22,11.497272176197209,88.50272782380279
506,field,6,7.68142308469779,92.31857691530222
509,field,9,11.11560226354082,88.88439773645918
573,field,73,11.05050505050505,88.94949494949495
577,field,77,8.72903616892301,91.27096383107698
578,field,78,8.66666666666666,91.33333333333334
579,field,79,11.497272176197209,88.50272782380279
580,field,80,8.62626262626262,91.37373737373738
581,field,81,8.00161648817943,91.99838351182058
582,field,82,9.476661951909469,90.52333804809054
583,field,83,14.84848484848485,85.15151515151516
584,field,84,12.848484848484839,87.15151515151516
585,field,85,9.07070707070707,90.92929292929293
575,field,75,9.642207398423281,90.35779260157672
586,field,86,13.010101010101012,86.98989898989899
589,field,89,12.608607799555461,87.39139220044454
591,field,91,9.47474747474747,90.52525252525253
592,field,92,13.86979377274565,86.13020622725435
593,field,93,8.63673139158576,91.36326860841424
594,field,94,7.414141414141411,92.58585858585859
595,field,95,8.98989898989899,91.01010101010101
596,field,96,12.75262732417138,87.24737267582861
597,field,97,14.66666666666666,85.33333333333334
598,field,98,14.525591745903291,85.47440825409672
588,field,88,8.66841786219438,91.33158213780563
566,field,66,11.37373737373737,88.62626262626263
590,field,90,8.8300666801374,91.1699333198626
576,field,76,11.37373737373737,88.62626262626263
587,field,87,13.85858585858586,86.14141414141415
574,field,74,9.07253990705193,90.92746009294807
548,field,48,12.406546777126689,87.59345322287331
554,field,54,12.22222222222222,87.77777777777779
555,field,55,9.87878787878787,90.12121212121212
556,field,56,10.54545454545454,89.45454545454547
557,field,57,8.1010101010101,91.8989898989899
558,field,58,17.414141414141408,82.58585858585859
559,field,59,7.51818916734033,92.48181083265968
560,field,60,13.133966457870269,86.86603354212973
561,field,61,14.85148514851485,85.14851485148515
562,field,62,9.86655883542256,90.13344116457743
552,field,52,7.81818181818181,92.18181818181819
553,field,53,12.68686868686868,87.31313131313132
572,field,72,12.345928470398059,87.65407152960194
568,field,68,9.73737373737373,90.26262626262627
550,field,50,10.44444444444444,89.55555555555556
564,field,64,15.281989084293508,84.71801091570649
565,field,65,8.5050505050505,91.4949494949495
567,field,67,12.02020202020202,87.97979797979798
563,field,63,16.55214227970897,83.44785772029103
569,field,69,11.292929292929289,88.70707070707071
570,field,70,10.22222222222222,89.77777777777779
571,field,71,9.43434343434343,90.56565656565657
551,field,51,16.85870224378411,83.14129775621589
64,paddy,64,13.29292929292929,86.70707070707071
71,paddy,71,16.04040404040404,83.95959595959596
70,paddy,70,9.73737373737373,90.26262626262627
69,paddy,69,10.585858585858581,89.41414141414143
68,paddy,68,11.353535353535351,88.64646464646465
67,paddy,67,12.18181818181818,87.81818181818181
72,paddy,72,9.39583754293796,90.60416245706205
66,paddy,66,11.47706607395433,88.52293392604567
65,paddy,65,12.48484848484848,87.51515151515152
97,paddy,97,8.949494949494941,91.05050505050505
56,paddy,56,15.151515151515149,84.84848484848484
61,paddy,61,11.09090909090909,88.9090909090909
59,paddy,59,9.818181818181811,90.18181818181819
58,paddy,58,11.55555555555555,88.44444444444446
73,paddy,73,13.13131313131313,86.86868686868686
55,paddy,55,10.7070707070707,89.2929292929293
54,paddy,54,13.07070707070707,86.92929292929293
53,paddy,53,11.31313131313131,88.68686868686869
52,paddy,52,9.49494949494949,90.5050505050505
51,paddy,51,6.9898989898989905,93.01010101010101
62,paddy,62,15.17171717171717,84.82828282828282
63,paddy,63,14.86868686868687,85.13131313131314
57,paddy,57,10.06060606060606,89.93939393939394
88,paddy,88,13.09090909090909,86.9090909090909
74,paddy,74,7.515151515151509,92.48484848484848
96,paddy,96,12.86868686868686,87.13131313131314
95,paddy,95,8.18181818181818,91.81818181818181
94,paddy,94,10.747474747474739,89.25252525252526
93,paddy,93,13.434343434343429,86.56565656565657
92,paddy,92,12.62626262626262,87.37373737373738
91,paddy,91,11.31541725601131,88.68458274398868
49,paddy,49,16.54545454545454,83.45454545454547
90,paddy,90,11.93939393939394,88.06060606060606
89,paddy,89,14.181818181818178,85.81818181818183
86,paddy,86,11.75757575757575,88.24242424242425
50,paddy,50,11.73737373737373,88.26262626262627
82,paddy,82,15.474747474747469,84.52525252525253
84,paddy,84,8.0,92.0
83,paddy,83,12.44444444444444,87.55555555555556
81,paddy,81,10.86868686868686,89.13131313131314
80,paddy,80,11.73737373737373,88.26262626262627
79,paddy,79,10.66666666666666,89.33333333333334
78,paddy,78,9.79797979797979,90.20202020202021
77,paddy,77,11.45454545454545,88.54545454545455
76,paddy,76,10.747474747474739,89.25252525252526
87,paddy,87,10.767676767676763,89.23232323232324
75,paddy,75,9.393939393939391,90.60606060606061
85,paddy,85,9.393939393939391,90.60606060606061
25,paddy,25,10.9090909090909,89.0909090909091
60,paddy,60,11.85858585858585,88.14141414141415
22,paddy,22,9.73737373737373,90.26262626262627
19,paddy,19,12.505050505050498,87.4949494949495
18,paddy,18,12.085691188358929,87.91430881164106
17,paddy,17,13.757575757575749,86.24242424242425
16,paddy,16,10.92929292929292,89.07070707070707
15,paddy,15,11.79797979797979,88.20202020202021
14,paddy,14,9.63636363636363,90.36363636363637
13,paddy,13,12.42424242424242,87.57575757575758
12,paddy,12,11.95959595959596,88.04040404040404
11,paddy,11,13.393939393939391,86.60606060606061
10,paddy,10,18.626262626262623,81.37373737373738
23,paddy,23,13.33333333333333,86.66666666666667
20,paddy,20,16.44444444444444,83.55555555555556
7,paddy,7,12.909090909090908,87.0909090909091
6,paddy,6,15.93939393939394,84.06060606060606
5,paddy,5,9.921196201252771,90.07880379874723
4,paddy,4,8.949494949494941,91.05050505050505
3,paddy,3,12.42424242424242,87.57575757575758
2,paddy,2,11.656565656565652,88.34343434343435
1,paddy,1,13.535353535353531,86.46464646464646
98,paddy,98,9.757575757575749,90.24242424242425
21,paddy,21,12.808080808080799,87.1919191919192
9,paddy,9,10.0,90.0
8,paddy,8,11.17171717171717,88.82828282828282
48,paddy,48,14.101010101010099,85.8989898989899
47,paddy,47,11.93939393939394,88.06060606060606
34,paddy,34,11.51515151515151,88.48484848484848
24,paddy,24,8.74747474747474,91.25252525252526
45,paddy,45,11.45454545454545,88.54545454545455
44,paddy,44,9.717171717171711,90.28282828282829
43,paddy,43,8.28282828282828,91.71717171717172
42,paddy,42,15.333333333333329,84.66666666666667
41,paddy,41,15.838383838383828,84.16161616161617
40,paddy,40,18.08080808080808,81.91919191919192
38,paddy,38,15.962820771873101,84.0371792281269
37,paddy,37,9.70285021224984,90.29714978775016
36,paddy,36,10.26262626262626,89.73737373737374
46,paddy,46,12.68686868686868,87.31313131313132
39,paddy,39,12.54545454545454,87.45454545454547
33,paddy,33,12.42424242424242,87.57575757575758
32,paddy,32,11.15151515151515,88.84848484848484
31,paddy,31,8.78787878787878,91.21212121212122
0,paddy,0,7.55555555555555,92.44444444444446
30,paddy,30,11.51515151515151,88.48484848484848
29,paddy,29,11.07070707070707,88.92929292929293
28,paddy,28,11.03030303030303,88.96969696969697
27,paddy,27,14.020202020202019,85.97979797979798
26,paddy,26,11.37373737373737,88.62626262626263
99,paddy,99,9.961608405738529,90.03839159426147
35,paddy,35,13.010101010101012,86.98989898989899
734,desert,34,14.227889091277058,85.77211090872294
733,desert,33,11.21021690654774,88.78978309345226
732,desert,32,14.984833164812942,85.01516683518706
726,desert,26,13.403522980360389,86.59647701963961
730,desert,30,11.00081037277147,88.99918962722853
729,desert,29,8.637469586374689,91.36253041362531
728,desert,28,15.894843276036399,84.1051567239636
735,desert,35,10.655074807925589,89.34492519207441
731,desert,31,10.811359026369159,89.18864097363084
725,desert,25,15.892023543738581,84.10797645626143
748,desert,48,12.01699372850495,87.98300627149504
738,desert,38,15.1742301458671,84.8257698541329
700,desert,0,13.10442909386428,86.89557090613572
740,desert,40,15.95378066085546,84.04621933914454
741,desert,41,11.87778227438284,88.12221772561716
742,desert,42,9.84833164812942,90.15166835187058
743,desert,43,10.96721974908943,89.03278025091058
744,desert,44,13.437057991513429,86.56294200848657
746,desert,46,12.75520517485344,87.24479482514656
747,desert,47,14.138349514563101,85.8616504854369
749,desert,49,16.81845780206436,83.18154219793564
736,desert,36,12.35091974934303,87.64908025065697
727,desert,27,20.09307972480777,79.90692027519223
715,desert,15,8.56102003642987,91.43897996357013
750,desert,50,11.11784920153628,88.88215079846373
737,desert,37,14.47634452082491,85.52365547917509
710,desert,10,11.888394662353413,88.1116053376466
709,desert,9,13.34008097165991,86.65991902834008
708,desert,8,10.293225480283109,89.70677451971689
707,desert,7,12.715124519133418,87.28487548086657
703,desert,3,13.63268608414239,86.36731391585761
705,desert,5,12.636473918317831,87.36352608168217
704,desert,4,12.778002426202988,87.22199757379701
711,desert,11,18.751266977498478,81.24873302250153
706,desert,6,14.50536111673073,85.49463888326927
745,desert,45,17.39218465276371,82.60781534723628
712,desert,12,12.939749292357462,87.06025070764254
714,desert,14,10.79107505070993,89.20892494929006
716,desert,16,14.242362937487348,85.75763706251266
724,desert,24,10.897306056309498,89.1026939436905
718,desert,18,15.51375404530744,84.48624595469256
719,desert,19,10.08692136648473,89.91307863351527
720,desert,20,12.232106752931662,87.76789324706834
721,desert,21,19.091093528099,80.90890647190099
722,desert,22,8.0,92.0
723,desert,23,9.1442443860004,90.8557556139996
713,desert,13,12.580906148867308,87.41909385113269
717,desert,17,14.19615773508594,85.80384226491407
739,desert,39,15.258690379951489,84.74130962004851
751,desert,51,16.12055016181229,83.87944983818771
776,desert,76,15.22134627046694,84.77865372953306
752,desert,52,14.167004458856912,85.83299554114309
779,desert,79,11.612381145053611,88.3876188549464
780,desert,80,14.897917930058622,85.10208206994137
781,desert,81,14.99696417729204,85.00303582270796
782,desert,82,14.01415571284125,85.98584428715876
783,desert,83,9.69439384739931,90.30560615260069
784,desert,84,12.800808897876639,87.19919110212336
785,desert,85,13.52881698685541,86.47118301314458
786,desert,86,11.34708737864077,88.65291262135923
788,desert,88,11.18980169971671,88.81019830028329
778,desert,78,14.161440420797083,85.83855957920292
790,desert,90,12.838657501010909,87.16134249898909
789,desert,89,17.13881019830028,82.86118980169972
798,desert,98,15.30220335556903,84.69779664443097
797,desert,97,13.80913869793772,86.19086130206227
796,desert,96,19.01479829718224,80.98520170281776
795,desert,95,14.207760711398542,85.79223928860146
777,desert,77,16.46440129449838,83.53559870550163
793,desert,93,11.417004048582989,88.582995951417
792,desert,92,16.83188347157596,83.16811652842404
791,desert,91,13.747722210973881,86.25227778902612
775,desert,75,17.328739359546,82.671260640454
763,desert,63,11.49494949494949,88.5050505050505
787,desert,87,13.036437246963558,86.96356275303644
766,desert,66,12.596348884381339,87.40365111561866
774,desert,74,16.17288961038961,83.8271103896104
755,desert,55,14.809562398703399,85.1904376012966
756,desert,56,11.607684529828099,88.3923154701719
757,desert,57,12.793998377939978,87.20600162206001
758,desert,58,9.28961748633879,90.71038251366122
759,desert,59,13.73025516403402,86.26974483596598
760,desert,60,15.985430999595298,84.0145690004047
761,desert,61,14.835053632867838,85.16494636713216
762,desert,62,9.89678202792957,90.10321797207042
764,desert,64,14.695775217303412,85.3042247826966
753,desert,53,10.29173419773095,89.70826580226905
754,desert,54,14.759401536595227,85.24059846340477
794,desert,94,13.86979377274565,86.13020622725435
765,desert,65,15.542046605876386,84.4579533941236
799,desert,99,15.564988882150798,84.4350111178492
702,desert,2,16.04364518084461,83.9563548191554
773,desert,73,15.602263540824572,84.39773645917543
772,desert,72,13.790306225917659,86.20969377408234
701,desert,1,16.329830234438152,83.67016976556185
770,desert,70,9.9232012934519,90.0767987065481
769,desert,69,16.56553398058252,83.43446601941748
768,desert,68,16.3566518398706,83.64334816012939
767,desert,67,15.092049362735178,84.90795063726482
771,desert,71,12.669500101194089,87.33049989880591
867,shrub,67,16.59247268312424,83.40752731687576
878,shrub,78,15.364319058250452,84.63568094174956
863,shrub,63,23.37741607324517,76.62258392675483
873,shrub,73,10.01421897217144,89.98578102782857
872,shrub,72,10.26267562614538,89.73732437385462
871,shrub,71,13.89340927583401,86.10659072416598
870,shrub,70,12.344673049500908,87.65532695049909
869,shrub,69,17.14691558441558,82.85308441558442
868,shrub,68,6.266531027466931,93.73346897253307
866,shrub,66,11.94393662400975,88.05606337599025
853,shrub,53,10.64522694891105,89.35477305108896
865,shrub,65,11.650091333468641,88.34990866653136
862,shrub,62,15.78947368421052,84.21052631578948
801,shrub,1,14.809562398703399,85.1904376012966
861,shrub,61,27.00892857142857,72.99107142857143
859,shrub,59,18.80566801619433,81.19433198380567
858,shrub,58,13.41166936790923,86.58833063209077
857,shrub,57,6.432629870129871,93.56737012987013
856,shrub,56,10.91942358433123,89.08057641566877
855,shrub,55,6.82372055239642,93.17627944760358
854,shrub,54,16.950872919204222,83.04912708079578
852,shrub,52,10.46770601336302,89.53229398663697
860,shrub,60,15.10703363914373,84.89296636085626
875,shrub,75,13.5809987819732,86.4190012180268
890,shrub,90,15.71194762684124,84.28805237315876
864,shrub,64,21.05477499490938,78.94522500509062
893,shrub,93,14.53583061889251,85.4641693811075
894,shrub,94,15.49267100977198,84.50732899022802
895,shrub,95,8.73353596757852,91.26646403242148
876,shrub,76,22.066869300911847,77.93313069908815
897,shrub,97,19.30251419302514,80.69748580697487
898,shrub,98,9.46192893401015,90.53807106598985
877,shrub,77,20.71834415584415,79.28165584415585
892,shrub,92,23.266219239373598,76.7337807606264
896,shrub,96,15.57310652085864,84.42689347914136
874,shrub,74,16.40243902439024,83.59756097560975
891,shrub,91,18.111675126903553,81.88832487309645
889,shrub,89,12.51775207952931,87.48224792047068
888,shrub,88,11.55645981688708,88.44354018311292
887,shrub,87,18.529053230394148,81.47094676960586
886,shrub,86,18.68243932286355,81.31756067713644
884,shrub,84,21.96062512685204,78.03937487314796
883,shrub,83,15.416070333265179,84.58392966673482
882,shrub,82,11.77066450567261,88.22933549432739
881,shrub,81,19.88647881613622,80.11352118386378
880,shrub,80,22.8744939271255,77.1255060728745
879,shrub,79,4.6998982706002,95.3001017293998
885,shrub,85,16.75829769904296,83.24170230095704
851,shrub,51,13.283309673494221,86.71669032650578
800,shrub,0,9.261525907792729,90.73847409220727
849,shrub,49,13.38775510204081,86.61224489795919
822,shrub,22,11.190233977619533,88.80976602238047
821,shrub,21,14.54361054766734,85.45638945233266
820,shrub,20,13.777687461897989,86.22231253810202
819,shrub,19,17.328739359546,82.671260640454
818,shrub,18,11.20113429208021,88.79886570791979
817,shrub,17,9.57597890038547,90.42402109961454
816,shrub,16,10.49320073066775,89.50679926933225
815,shrub,15,17.86585365853658,82.13414634146342
814,shrub,14,16.853474628082328,83.14652537191768
850,shrub,50,12.08434712084347,87.91565287915653
811,shrub,11,15.67056890531936,84.32943109468064
810,shrub,10,17.98619569630531,82.01380430369468
809,shrub,9,9.27876823338735,90.72123176661265
808,shrub,8,10.980073200488,89.019926799512
807,shrub,7,20.398212108898818,79.60178789110118
806,shrub,6,17.09939148073022,82.90060851926978
805,shrub,5,13.56415478615071,86.43584521384929
804,shrub,4,17.02170825725299,82.97829174274702
803,shrub,3,21.55749340904481,78.44250659095519
802,shrub,2,15.186536901865368,84.81346309813463
812,shrub,12,13.67052610197034,86.32947389802966
824,shrub,24,18.704156479217602,81.2958435207824
823,shrub,23,18.33333333333333,81.66666666666667
813,shrub,13,10.372771474878439,89.62722852512157
848,shrub,48,17.8193653376729,82.1806346623271
899,shrub,99,14.665314401622709,85.33468559837729
846,shrub,46,9.35516888433981,90.6448311156602
845,shrub,45,15.765765765765758,84.23423423423424
844,shrub,44,21.49704262696308,78.50295737303692
843,shrub,43,11.47340533931118,88.52659466068881
842,shrub,42,6.11371510087629,93.88628489912371
841,shrub,41,12.73171725402322,87.26828274597678
840,shrub,40,21.161657189277012,78.83834281072299
839,shrub,39,17.24068071312804,82.75931928687196
838,shrub,38,14.02476151816521,85.9752384818348
837,shrub,37,21.87117814920505,78.12882185079495
847,shrub,47,15.720702327480602,84.27929767251939
825,shrub,25,10.868232890704798,89.1317671092952
836,shrub,36,14.446952595936791,85.55304740406321
827,shrub,27,16.88761982459718,83.11238017540282
828,shrub,28,16.32113821138211,83.6788617886179
829,shrub,29,8.03571428571428,91.96428571428572
830,shrub,30,16.9446704637917,83.0553295362083
826,shrub,26,11.01866883116883,88.98133116883118
832,shrub,32,12.36482350540706,87.63517649459294
833,shrub,33,14.29446599959158,85.70553400040842
834,shrub,34,7.841945288753791,92.15805471124621
835,shrub,35,10.624493106244932,89.37550689375507
831,shrub,31,13.012586276898089,86.98741372310191
332,forest,32,17.32012934518997,82.67987065481003
322,forest,22,20.05255710531635,79.94744289468365
398,forest,98,20.52939987876338,79.47060012123663
325,forest,25,20.735650767987057,79.26434923201293
327,forest,27,12.184279652455041,87.81572034754495
328,forest,28,18.41359773371104,81.58640226628896
329,forest,29,17.84920153628461,82.15079846371539
330,forest,30,17.86580436540016,82.13419563459985
331,forest,31,18.76263647391831,81.2373635260817
333,forest,33,23.519903010709232,76.48009698929077
346,forest,46,18.63379143088116,81.36620856911884
334,forest,34,16.73758865248227,83.26241134751773
336,forest,36,23.383185125303147,76.61681487469684
337,forest,37,16.49108589951377,83.50891410048624
338,forest,38,14.871691250757728,85.12830874924227
340,forest,40,18.63102470635885,81.36897529364114
341,forest,41,19.296116504854368,80.70388349514563
342,forest,42,20.905782450465022,79.09421754953497
343,forest,43,19.68472109943411,80.31527890056589
344,forest,44,19.49838187702265,80.50161812297735
345,forest,45,20.63877097230644,79.36122902769355
347,forest,47,17.40800646987464,82.59199353012536
339,forest,39,11.44590495449949,88.5540950455005
308,forest,8,16.71393841166936,83.28606158833064
311,forest,11,18.04769603880355,81.95230396119645
335,forest,35,21.67846309403437,78.32153690596563
307,forest,7,22.87330773893716,77.12669226106284
306,forest,6,17.17927964386887,82.82072035613113
305,forest,5,17.83838383838384,82.16161616161617
349,forest,49,14.178651002633169,85.82134899736683
303,forest,3,19.5067717808773,80.4932282191227
302,forest,2,19.89486453699959,80.10513546300041
323,forest,23,25.797979797979803,74.20202020202021
309,forest,9,14.435907804286291,85.56409219571371
304,forest,4,23.145340610470996,76.854659389529
326,forest,26,22.287449392712553,77.71255060728745
310,forest,10,14.16447767225702,85.83552232774298
312,forest,12,16.85233947741543,83.14766052258457
313,forest,13,22.105475853707823,77.89452414629218
314,forest,14,19.65985017209961,80.34014982790039
315,forest,15,20.48898767427763,79.51101232572236
316,forest,16,16.64982824813093,83.35017175186907
317,forest,17,23.615042458552363,76.38495754144765
318,forest,18,17.08451273756571,82.91548726243428
319,forest,19,17.14343680259687,82.85656319740313
320,forest,20,19.414141414141408,80.58585858585859
324,forest,24,18.57691530220335,81.42308469779665
321,forest,21,15.55106167846309,84.44893832153691
348,forest,48,17.9850293344123,82.0149706655877
399,forest,99,18.30131445904954,81.69868554095046
300,forest,0,14.664239482200639,85.33576051779936
377,forest,77,22.44237767893247,77.55762232106753
378,forest,78,19.40177849636216,80.59822150363784
379,forest,79,17.51972486344325,82.48027513655674
380,forest,80,25.924429177611643,74.07557082238836
381,forest,81,16.75424413904608,83.24575586095392
382,forest,82,17.89686552072801,82.10313447927199
383,forest,83,16.89230147504546,83.10769852495454
384,forest,84,20.635884973673548,79.36411502632646
385,forest,85,18.40080971659919,81.59919028340082
374,forest,74,13.782635094110502,86.2173649058895
376,forest,76,16.39046079223929,83.60953920776072
387,forest,87,23.33198544278204,76.66801455721796
389,forest,89,19.91919191919192,80.08080808080808
390,forest,90,14.9787750151607,85.02122498483931
391,forest,91,23.2774297837947,76.7225702162053
392,forest,92,18.94460169834209,81.0553983016579
393,forest,93,11.248229819947401,88.7517701800526
394,forest,94,14.12121212121212,85.87878787878788
395,forest,95,21.857923497267755,78.14207650273224
396,forest,96,17.88387618854946,82.11612381145054
397,forest,97,18.17630408410837,81.82369591589163
388,forest,88,18.63617968433832,81.36382031566168
375,forest,75,18.75,81.25
361,forest,61,22.767676767676758,77.23232323232324
386,forest,86,18.31783259199353,81.68216740800648
364,forest,64,17.66727309480493,82.33272690519507
351,forest,51,16.65991902834008,83.34008097165992
352,forest,52,17.85642062689585,82.14357937310415
353,forest,53,22.0380105135463,77.9619894864537
354,forest,54,19.555106167846308,80.4448938321537
355,forest,55,24.469589816124472,75.53041018387553
356,forest,56,16.110774206589852,83.88922579341015
357,forest,57,13.444017007491391,86.5559829925086
359,forest,59,13.058419243986247,86.94158075601375
360,forest,60,18.68176304084108,81.31823695915892
362,forest,62,16.14404207970868,83.85595792029132
373,forest,73,19.16228247673007,80.83771752326993
358,forest,58,20.995145631067956,79.00485436893204
365,forest,65,17.90260658718933,82.09739341281067
363,forest,63,17.77777777777777,82.22222222222223
301,forest,1,21.903414831279044,78.09658516872096
372,forest,72,21.78217821782178,78.21782178217822
371,forest,71,21.68114770660739,78.31885229339261
370,forest,70,19.30462906812209,80.6953709318779
350,forest,50,15.11957843534657,84.88042156465343
368,forest,68,19.87451932807124,80.12548067192876
367,forest,67,14.459049544994942,85.54095045500506
366,forest,66,16.730730325713132,83.26926967428687
369,forest,69,13.30906148867313,86.69093851132686
166,peatland,66,21.95959595959596,78.04040404040404
198,peatland,98,22.202020202020197,77.79797979797979
197,peatland,97,24.631238634067483,75.36876136593253
173,peatland,73,29.515151515151512,70.48484848484848
171,peatland,71,14.972721761972112,85.02727823802789
170,peatland,70,18.26631642756112,81.73368357243888
169,peatland,69,16.65992721391023,83.34007278608976
168,peatland,68,25.818181818181817,74.18181818181819
167,peatland,67,26.429581733683573,73.57041826631644
165,peatland,65,24.06546777126692,75.93453222873308
153,peatland,53,19.757575757575747,80.24242424242425
164,peatland,64,21.42712755205174,78.57287244794826
162,peatland,62,31.885229339260448,68.11477066073955
161,peatland,61,26.77308547181248,73.22691452818752
160,peatland,60,20.6910486967064,79.3089513032936
159,peatland,59,19.660537482319658,80.33946251768035
158,peatland,58,18.41520113199919,81.5847988680008
157,peatland,57,20.23857662757784,79.76142337242216
156,peatland,56,20.606060606060602,79.3939393939394
155,peatland,55,23.00384071154234,76.99615928845766
154,peatland,54,21.45888058193574,78.54111941806426
176,peatland,76,23.62093352192362,76.37906647807638
152,peatland,52,22.62434290335624,77.37565709664376
175,peatland,75,22.62626262626262,77.37373737373738
172,peatland,72,20.28282828282828,79.71717171717172
163,peatland,63,23.762376237623762,76.23762376237624
196,peatland,96,23.53416902547513,76.46583097452486
195,peatland,95,22.52980400080824,77.47019599919176
194,peatland,94,20.505050505050505,79.4949494949495
193,peatland,93,25.070707070707073,74.92929292929293
192,peatland,92,23.66134572640937,76.33865427359063
191,peatland,91,22.3030303030303,77.6969696969697
190,peatland,90,18.747474747474747,81.25252525252526
189,peatland,89,19.25252525252525,80.74747474747475
188,peatland,88,26.986052152819887,73.0139478471801
151,peatland,51,22.72727272727272,77.27272727272728
187,peatland,87,18.52525252525252,81.47474747474749
185,peatland,85,17.49494949494949,82.5050505050505
184,peatland,84,26.500909642207397,73.4990903577926
183,peatland,83,24.72727272727272,75.27272727272728
182,peatland,82,21.676767676767668,78.32323232323233
181,peatland,81,18.617343844754387,81.38265615524561
180,peatland,80,19.55555555555555,80.44444444444446
179,peatland,79,21.616161616161612,78.3838383838384
178,peatland,78,19.660537482319658,80.33946251768035
177,peatland,77,17.13477470195999,82.86522529804
149,peatland,49,17.67676767676767,82.32323232323233
186,peatland,86,26.17748130179907,73.82251869820092
150,peatland,50,24.54508693894055,75.45491306105944
135,peatland,35,24.05984634047715,75.94015365952285
100,peatland,0,14.04324105879975,85.95675894120025
121,peatland,21,23.23232323232323,76.76767676767678
120,peatland,20,26.26262626262626,73.73737373737374
119,peatland,19,28.464646464646464,71.53535353535354
118,peatland,18,22.646464646464644,77.35353535353536
117,peatland,17,23.959595959595948,76.04040404040404
116,peatland,16,20.72727272727272,79.27272727272728
114,peatland,14,25.858585858585858,74.14141414141415
113,peatland,13,23.07536876136593,76.92463123863408
112,peatland,12,20.432497978981402,79.5675020210186
111,peatland,11,16.04364518084461,83.9563548191554
115,peatland,15,24.28773489593857,75.71226510406143
101,peatland,1,22.888888888888893,77.11111111111111
109,peatland,9,17.52577319587628,82.47422680412372
108,peatland,8,28.80808080808081,71.1919191919192
107,peatland,7,20.54545454545454,79.45454545454547
106,peatland,6,14.972721761972112,85.02727823802789
105,peatland,5,22.23569840307256,77.76430159692744
104,peatland,4,16.47130153597413,83.52869846402587
103,peatland,3,22.767676767676758,77.23232323232324
102,peatland,2,25.358658314811073,74.64134168518893
110,peatland,10,27.595959595959595,72.40404040404042
122,peatland,22,22.37719830200121,77.6228016979988
123,peatland,23,21.75757575757576,78.24242424242425
138,peatland,38,17.63992725803192,82.36007274196808
124,peatland,24,18.00363709840372,81.99636290159629
125,peatland,25,21.66094160436451,78.33905839563549
146,peatland,46,25.884016973125878,74.11598302687412
145,peatland,45,16.46440129449838,83.53559870550163
144,peatland,44,22.59042230753687,77.40957769246313
143,peatland,43,19.98383511820569,80.01616488179431
142,peatland,42,16.64982824813093,83.35017175186907
141,peatland,41,23.414141414141408,76.58585858585859
140,peatland,40,26.78787878787879,73.21212121212122
139,peatland,39,22.105475853707823,77.89452414629218
137,peatland,37,15.09395837542938,84.90604162457062
174,peatland,74,21.398262275207106,78.60173772479288
147,peatland,47,16.16488179430188,83.83511820569812
134,peatland,34,24.560339599757423,75.43966040024259
133,peatland,33,24.24242424242424,75.75757575757576
132,peatland,32,16.7576308874065,83.24236911259351
131,peatland,31,27.03030303030303,72.96969696969697
130,peatland,30,24.868686868686858,75.13131313131314
129,peatland,29,22.86868686868687,77.13131313131314
128,peatland,28,23.838383838383844,76.16161616161617
127,peatland,27,18.787878787878782,81.21212121212122
126,peatland,26,18.63002626793291,81.3699737320671
148,peatland,48,29.96564962618711,70.03435037381288
136,peatland,36,24.914124065467767,75.08587593453223
199,peatland,99,23.030303030303024,76.96969696969697
